,index,0
0,Asian stock markets reverse losses on global policy stimulus hopes,0.0
1,Energy & Precious Metals - Weekly Review and Calendar Ahead,0.0
2,"U.S. officials talk down coronavirus market panic, tout economic strength",0.0
3,Coronavirus expected to hurt U.S. earnings harder and longer,0.0
4,"Oil Ends up Nearly 5% on OPEC, Global Rate Cut Hopes",0.0
5,"Stocks - S&P Soars on Bets of Central Banks Stimulus, Slowing China Infections",0.206042382408435
6,Stocks - Wall Street Retreats From Highs After Increase in  U.S. Virus Death Toll,0.0
7,"Stocks - Wall Street Surges at the Close as Financials, Tech Jump",0.0
8,"Stocks – Wall Street Rallies, but Trading Remains Volatile",0.0
9,U.S. stock short-sellers notch $105 billion week in coronavirus sell-off,0.0
10,U.S. stocks higher at close of trade; Dow Jones Industrial Average up 5.09%,0.0
11,Dow Futures Erase Gains after G7 Statement Falls Shor,0.0
12,"Ross Stores Earnings inline, Revenue Beats In Q4",0.0
13,"Stocks - S&P Shrugs off Fed Cut, Sinks led by  Slump in Financials, Tech",0.210256526998986
14,Stocks - Stocks Plunge as 10-Year Yield Drops Below 1%,0.0
15,Stocks - Wall Street Falls as Fed Enthusiasm Evaporates,0.0
16,U.S. markets seen robust despite surging volumes on coronavirus fears,0.0
17,U.S. stocks lower at close of trade; Dow Jones Industrial Average down 2.94%,0.0
18,Wall Street tumbles after Fed surprise rate cu,0.0
19,"Biden's Super Tuesday surge reshapes Democratic race, Bloomberg ou",0.0
20,Stocks - Dow Posts Second-Biggest Point Gain on Biden Bounce,0.0
21,"Stocks - Wall Street Surges on Rosier View of Fed Cut, Biden Revival",0.0
22,U.S. stocks higher at close of trade; Dow Jones Industrial Average up 4.53%,0.0
23,Wall Street surges on Biden bounce,0.0
24,Dow Futures Tumble 400 Points as Virus Fears Churn Markets,0.0
25,"Gold Back in Play for $1,700 as Virus Fears Energize Safe Havens",0.0
26,"Oil Tumbles as Wall Street Slumps, OPEC Preempts Russia on Cuts",0.0
27,Stocks – Wall Street Selling Intensifies as Virus Volatility Reigns,0.0
28,U.S. Index Futures Drop With Investors Weighing Virus Threa,0.0
29,U.S. stocks lower at close of trade; Dow Jones Industrial Average down 3.58%,0.0
30,"Coronavirus infections pass 100,000 as outbreak wreaks financial havoc",0.0
31,How Lipper Award-winning fund managers are playing coronavirus scare,0.0
32,Stocks - Dow Opens Down 740 Points as Virus Outweighs Jobs Repor,0.0
33,"Stocks Deep in Red, Set for Another Wild End to Trading",0.0
34,"Stocks – Wall Street Falls Again, but Late Buying Limits the Damage",0.0
35,U.S. pumps $8.3 billion into coronavirus battle as more states report cases,0.0
36,U.S. stocks lower at close of trade; Dow Jones Industrial Average down 0.98%,0.0
37,Volatility-Weary Wall Street Sinks Again,0.0
38,3 Things Under the Radar This Week,0.0
39,"Aramco trades below IPO price for first time, after OPEC pact unravels",0.0
40,"Coronavirus, oil collapse erase $5 trillion from U.S. stocks",0.0
41,"Investors look to history as U.S. stocks slammed by virus uncertainty, oil plunge",0.0
42,Stocks - Dow in Biggest One-Day Points Plunge Ever as Bears Run Rio,0.0
43,Stocks - S&P Hurtles Toward Lows as Oil Selling Deepens,0.23375167005666814
44,"Stocks - Wall Street off Lows, but Bears in Control Amid Oil-Led Selloff Storm",0.0
45,Stocks - Wall Street Trading Halted at Open as Rout Deepens; S&P -7%,0.22508813871196187
46,U.S. stocks lower at close of trade; Dow Jones Industrial Average down 7.79%,0.0
47,VIX Futures Spike to Highest Since 2009 in Manic Monday Trading,0.0
48,"Wall Street clobbered as crude plummets, virus crisis deepens",0.0
49,White House under pressure to boost coronavirus fight as stocks plunge,0.0
50,"World stocks sink on coronavirus shock, oil price crash",0.0
51,Stocks - Wall Street Bounces at Open on Stimulus Hopes; Trump Briefing Eyed,0.0
52,Stocks - Wall Street Rallies Into Late Trading,0.0
53,Stocks - Wall Street Rebounds  on Trump Stimulus Following Worst Rout Since '08,0.0
54,Stocks – Wall Street Dips Into Red as Stimulus Fervor Fades,0.0
55,U.S. stocks higher at close of trade; Dow Jones Industrial Average up 4.89%,0.0
56,Wall Street advances as stimulus hopes calm recession fears,0.0
57,Asia Wades in a Red Sea as COVID-19 Losses Continue ,0.0
58,Bitcoin Clings to $7.8K but WHO Pandemic Declaration Sinks Markets,0.0
59,"Coronavirus raises fears of U.S. auto sales slowdown, but production not suffering ye",0.0
60,Dow Enters Bear Market as Coronavirus Jitters Trigger Bloodbath,0.0
61,Gold Dips in New Safe Role of Providing Margin Cover for Stocks,0.0
62,Goldman Sees End to 11-Year Bull Market Coming Soon,0.0
63,Peter Schiff Oblivious as Bitcoin Retakes Gold as ‘Safe Haven’ Ytd,0.0
64,"S&P 500 falls 20% from record high, crossing bear market threshold",0.2085362198679903
65,S&P Slumps 5% as Selloff Intensifies,0.2682069127429474
66,Stocks - Dow Ends in Bear Market Territory as Virus Selling Continues,0.0
67,Trump to discuss coronavirus response with Wall Street chiefs,0.0
68,U.S. stocks lower at close of trade; Dow Jones Industrial Average down 5.86%,0.0
69,"After Saudi-Russian Drama, Trump’s Europe Ban Delivers Fresh Pain to Oil",0.0
70,"As markets sink, some traders bet Fed rate goes negative in 2020",0.0
71,"As Trump's stock market gains shrink, he says it will 'work out fine'",0.0
72,Democratic presidential hopeful Biden attacks Trump's coronavirus response,0.0
73,Global Free-Fall Hits Asia as U.S. Engine Stalls,0.0
74,Markets suffer record meltdown as global coronavirus alarm grows,0.0
75,Oil Selloff Eases as Wall Street Pares Some Losses on Fed Injection,0.0
76,"Oracle Earnings, Revenue Beat in Q3",0.0
77,Plunging Wall Street stocks end record bull run,0.0
78,"RBC Cuts S&P 500 Target, Seeing ‘Flat or Lost Year’ on Virus",0.19345415040052605
79,Stocks - Bears Resume Grip on Dow as Fed-Stimulus Optimism Runs out of Steam,0.0
80,Stocks - Dow's Worst Loss Since '87 Crash; Fed Bazooka Fails to Halt Bears,0.0
81,Stocks plunge into bear market as Trump's Europe travel ban adds to economic headwinds,0.0
82,Stocks – Wall Street Cuts Losses Sharply on Huge Fed Cash Influ,0.0
83,U.S. reels as coronavirus outbreak leads to widespread disruptions,0.0
84,U.S. stocks lower at close of trade; Dow Jones Industrial Average down 9.99%,0.0
85,"Wall Street sell-off batters bitcoin, pounds palladium as investors go to cash",0.0
86,How the longest bull run in history ended in pandemic panic,0.0
87,Some short-seller bets looked surprising in coronavirus crash,0.0
88,Stocks - Dow Cuts Gains as Recession Fears Increase Amid Outbreak,0.0
89,Stocks - Dow Ends Week Lower Despite Trump-Infused Friday Rally,0.0
90,Stocks - Wall Street Higher but Choppy in Nervous Trading,0.0
91,Stocks bounce on stimulus hopes,0.0
92,U.S. stocks higher at close of trade; Dow Jones Industrial Average up 9.36%,0.0
93,"As Wall Street reels, veterans recall '87 while the young look to textbooks",0.0
94,Asian Markets Continue Rollercoaster Ride Despite Fed’s Monetary Bazooka  ,0.0
95,"Fed slashes rates, global central banks coordinate to cushion coronavirus blow",0.0
96,Haven assets losing their mojo in virus-stricken marke,0.0
97,"After Trump boasts about rally, Wall Street tanks again",0.0
98,Another black Monday as coronavirus response upends Wall Stree,0.0
99,"Gold Back in $1,400 Zone as it Becomes Band-Aid for Wall Street’s Wounds",0.0
100,Oil Enters $20 Territory as Market Warned of Biggest Supply Blowout Ever,0.0
101,Stocks - Dow Eyes Session Lows,0.0
102,"Stocks - Dow Plunges 3,000 Points, Trump Says Virus Could Last Until Augus",0.0
103,"Stocks - Wall Street off Lows, but Sea of Red Continues as Fed Steps in Again",0.0
104,Stocks - Wall Street Sees Worst Drop Since 1987 as Fed Fails to Stop Panic,0.0
105,Stocks dive as Fed & co fail to calm panicky markets,0.0
106,Trump and U.S. states ramp up drive to slow spread of coronavirus,0.0
107,"U.S. markets should stay open despite turmoil, says securities regulator",0.0
108,U.S. stocks lower at close of trade; Dow Jones Industrial Average down 12.93%,0.0
109,VIX Futures Flash Market Fear With Jump to Highest Since 2009,0.0
110,Asian Stocks Mixed as Volatility Continues ,0.0
111,"FedEx Beats Earnings in Q3, but Pulls Guidance on Covid-19 Uncertainty",0.0
112,"Oil Stays Under $30 Despite Checks, Tax Deferral Planned for Americans",0.0
113,"Stocks - Dow Higher on Stimulus Efforts, but Jump in U.S. Infections a Worry",0.0
114,"Stocks - Dow Notches 1,000-Point Gain; Trump Eyes $1T Stimulus",0.0
115,Stocks - Wall Street Rides Wave of Stimulus to Near Session Highs,0.0
116,Stocks shaky after worst Wall Street crash since 1987,0.0
117,U.S. Stocks Bounce Weakly at Opening After Monday Horror Show,0.0
118,U.S. stocks higher at close of trade; Dow Jones Industrial Average up 5.20%,0.0
119,Wall Street gives thumbs down to potential shortened trading day,0.0
120,Wall Street rebounds from Monday's crash as Fed boosts liquidity,0.0
121,"Dow Closes Below 20,000 for First Time in 3 Years",0.0
122,Dow Deepens Selloff on Growing Fears Over Coronavirus-Hit to Economy,0.0
123,Dow loses almost all that it gained during Trump's presidency,0.0
124,Stocks - Europe Slides as Govt Packages Bring Only Temporary Relief,0.0
125,Stocks - Wall Street Tumbles Again on Recession Fears; Dow Down 980 Points,0.0
126,U.S. stocks lower at close of trade; Dow Jones Industrial Average down 6.30%,0.0
127,"Wall Street extends recent selloff, Dow all but erases 'Trump-bump'",0.0
128,Coronavirus deaths in Italy overtake China as economic damage mounts,0.0
129,"Dow Rebounds as Energy Rides Oil Surge Higher,  but Virus Spread Curbs Gains",0.0
130,Futures fall again as recession fears rage on,0.0
131,Stocks - Dow Gains as Trump Details Potential Therapies to Combat Covid-19,0.0
132,Stocks - Wall Street Opens Lower Again; Drop Cushioned by Stimulus Moves,0.0
133,U.S. stocks higher at close of trade; Dow Jones Industrial Average up 0.95%,0.0
134,Wall Street ends higher to stem coronavirus sell-off,0.0
135,Dow Dives 913 Points Amid Worst Week Since 2008,0.0
136,Dow Sinks as Energy Turns Negative on Oil Slump Amid Growing Covid-19 Infections,0.0
137,Stay at home stocks rise from Wall Street's coronavirus rubble,0.0
138,Stocks - Wall Street Extends Tentative Recovery at Open; DJIA up 0.9%,0.0
139,U.S. stocks lower at close of trade; Dow Jones Industrial Average down 4.55%,0.0
140,"Wall Street dives, ends worst week since 2008, as New York, California impose restrictions",0.0
141,Wall Street Selling Intensifies as U.S.-Mexico Agree Border Restrictions,0.0
142,Stay at home stocks rise from Wall Street's coronavirus rubble,0.0
143,Bitcoin’s Correlation With S&P500 At 2-Year High Amid the Coronavirus Crisis,0.11484251581876488
144,"Fed alone can’t stop coronavirus selloff, investors say, as stocks tumble again",0.0
145,Historic Fed boost fails to stop Wall Street's virus-driven sell-off,0.0
146,"Stocks -  Wall Street Falls Early, Ignores Fed's Latest Blast; Dow Down 260",0.0
147,"Stocks - Dow Ends Above Lows, but in Red on Congress Inaction",0.0
148,Stocks - Wall Street off Lows as Lawmakers Reportedly Near Stimulus Deal,0.0
149,Stocks - Wall Street Resumes Selloff as Stimulus Bill Fails in Key Senate Vote,0.0
150,U.S. stocks lower at close of trade; Dow Jones Industrial Average down 3.04%,0.0
151,Dow soars over 11% in strongest one-day performance since 1933,0.0
152,"Nike Earnings, Revenue Beat in Q3 Despite Covid-19 Impac",0.0
153,"Reopening economy too early could backfire for humans and markets, investors say",0.0
154,Stocks - Dow Racks up Biggest Point Gain Ever on Fiscal Rescue Deal Optimism,0.0
155,Stocks - Dow Rides Energy Higher as Oil Climbs; All Eyes on Capitol Hill,0.0
156,Stocks - Wall Street Keeps Strong Rally Going on Stimulus Deal Hopes,0.0
157,"Trump Reportedly Holds Call With Fund Managers on Economy, Fed; Dow Rises",0.0
158,U.S. stocks higher at close of trade; Dow Jones Industrial Average up 11.37%,0.0
159,China stocks down but more resilient than peers in virus sell-off,0.0
160,"Micron Earnings, Revenue Beat in Q2",0.0
161,"Paychex Earnings Beat, Revenue Inline In Q3",0.0
162,Stocks - Boeing Drives Dow as Stocks Gain Some Traction,0.0
163,Stocks - Dow Cuts Gains as Jostling on Capitol Hill Threatens Stimulus Delay,0.0
164,Stocks - Dow Keeps Rolling on Stimulus High,0.0
165,Stocks - Europe Continues Higher Amid Fresh U.S. Stimulus Hopes,0.0
166,"Stocks - U.S. Futures Lower, Consolidating After Historic Gains",0.0
167,Tempers rise in U.S. Senate as vote nears on $2 trillion coronavirus bill,0.0
168,U.S. stocks mixed at close of trade; Dow Jones Industrial Average up 2.39%,0.0
169,Wall Street struggles to hold on to gains as virus fears return,0.0
170,Stocks - Dow Enters Bull Market as Swashbuckling Gains on Wall Street Continue,0.0
171,Stocks - Dow Nears Session Highs on Bets of More Stimulus,0.0
172,Stocks - Wall Street Opens Higher as Stimulus Hopes Outweigh Jobless Surge,0.0
173,U.S. stocks higher at close of trade; Dow Jones Industrial Average up 6.38%,0.0
174,Wall Street surges in third straight day of gains,0.0
175,Bull-Market Gain in Stocks Seen as Trivial Without Sustained Buying,0.0
176,Elevated Wall Street 'fear gauge' shows doubts about stock market rebound,0.0
177,House Approves $2 Trillion Virus Rescue Package,0.0
178,Stocks - Dow Cuts Losses as Trump Set to Sign $2 Trillion Stimulus,0.0
179,Stocks - Late Selling Hits Dow as U.S. Sees Surge in Covid-19 Infections,0.0
180,Stocks - Wall Street Remains in Red on Profit-Taking,0.0
181,U.S. stocks lower at close of trade; Dow Jones Industrial Average down 4.06%,0.0
182,Wall Street slumps after three-day rally as virus threat intensifies,0.0
183,Ackman says Pershing Square no longer has hedges on stocks,0.0
184,Energy & Precious Metals - Weekly Review and Calendar Ahead,0.0
185,Stocks - Dow Eases From Session Highs as U.S. Extends Containment Measures,0.0
186,Stocks - Dow Jumps 690 Points Despite U.S. Extending Containment Measures,0.0
187,Stocks - US Futures Mixed; Social Distancing Guidelines Extended,0.0
188,"Stocks - Wall Street Opens Higher, Shrugging off Lockdown Extension",0.0
189,"Stocks - Wall Street Rides Tech, Healthcare Stocks Higher",0.0
190,U.S. stocks higher at close of trade; Dow Jones Industrial Average up 3.19%,0.0
191,"Wall Street rallies, led by healthcare jump",0.0
192,China PMI offers tiny relief to Asia as stocks head for dire end to quarter,0.0
193,Macy's to drop from S&P 500 to small-cap inde,0.21310353869427323
194,Stocks - Dow Suffers Worst First Quarter Ever as Late Selling Hits Wall Stree,0.0
195,Stocks - Wall Street Edges Higher as End of Quarter Approaches,0.0
196,Stocks - Wall Street Slides as New York Covid-19 Infections Top 75K,0.0
197,U.S. stocks lower at close of trade; Dow Jones Industrial Average down 1.84%,0.0
198,Income funds sift for survivors as coronavirus cuts into dividends,0.0
199,Stocks - Dow Rocked by Late Selling as U.S. Infections Top 200K,0.0
200,Stocks - Dow Slumps as Rising Infections Trigger Further U.S. Lockdowns,0.0
201,Stocks - Wall Street Lower After Trump Warning of Painful Weeks,0.0
202,U.S. stocks lower at close of trade; Dow Jones Industrial Average down 4.44%,0.0
203,Wall Street sinks as coronavirus anxiety grows,0.0
204,Asian markets look to follow Wall Street rally as oil surges,0.0
205,Coronavirus punishes Warren Buffett's equity holdings,0.0
206,Healthcare stocks show their defensive allure in ailing marke,0.0
207,Oil jump lifts Wall Street as jobless claims data surges,0.0
208,Stocks - Dow Higher After Briefly Turning Lower Amid Saudi-Russia Truce Doubts,0.0
209,Stocks - Dow Racks up Gains in Wild Trading as Oil Prices Notch Biggest 1-Day Gain,0.0
210,Stocks - Wall Street Bounces Higher on Oil Surge,0.0
211,Stocks - Wall Street Manages Slight Gains After Lower Open,0.0
212,U.S. stocks higher at close of trade; Dow Jones Industrial Average up 2.24%,0.0
213,Binance Research Finds Bitcoin Correlated to Stocks —  But Not For Long,0.0
214,Stocks - Dow Ends Wild Week in Red on Fears Deeper Economic Rout Still Ahead,0.0
215,Stocks - Dow Falls Deeper Into Red on Growing Fears of Longer Lockdown,0.0
216,Stocks - US Futures Lower; Economic Damage Mounts,0.0
217,Stocks - Wall Street Selling Gains Steam,0.0
218,U.S. stocks lower at close of trade; Dow Jones Industrial Average down 1.69%,0.0
219,Wall Street falls as coronavirus shreds U.S. payrolls,0.0
220,"Wall St. looks for light at end of tunnel, sees risk stocks will re-test lows",0.0
221,Bold Market Calls Abound as Minerd Says S&P 500 Could Drop 40%,0.20070865488950937
222,Fear gauges signal calmer trade as coronavirus deaths slow,0.0
223,NYSE eases listing requirements amid coronavirus market mayhem,0.0
224,S&P 500 set to recover $1 trillion in value as virus deaths slow,0.2259330358418275
225,Stocks - Dow Continues to Flirt With Session Highs on Improved Covid-19 Data,0.0
226,Stocks - Dow Flirts With Session Highs on Improved Covid-19 Data,0.0
227,"Stocks - Dow Racks up 1,600 Point Gain on Signs of Covid-19 Slowdown",0.0
228,Stocks - Wall Street Stays Higher Midday,0.0
229,U.S. life insurers' results seen as test against lengthy coronavirus volatility,0.0
230,"Bitcoin Has Gained $600 for 3 Consecutive Mondays — Price Hits $7,400",0.0
231,Investors await data on coronavirus drugs as market rally builds,0.0
232,"Stocks - Dow Eases From Highs, but Remains in Green Amid Jump in Energy",0.0
233,Stocks - Wall Street Ends Negative in Ugly Reversal as Energy Runs out of Steam,0.0
234,Stocks - Wall Street Solidly Higher on Optimism of Covid-19 Containmen,0.0
235,Coronavirus rout spurs China investors to dividend plays,0.0
236,"McDonald’s Earnings, Revenue Miss in Q1",0.0
237,Readout of Fed's March meetings to capture a frenzied policy response,0.0
238,Stocks - Dow Continues to Climb on Hopes of Virus Slowing,0.0
239,Stocks - U.S. Futures Edge Higher but Uncertainty Still Weighs,0.0
240,"Stocks - Wall Street Rallies on Surge in Energy, Hopes Virus Outbreak Nearing Peak",0.0
241,Stocks - Wall Street Rally Gains Steam,0.0
242,"Wall Street climbs on hopes of outbreak peaking, Sanders suspending White House bid",0.0
243,Small caps rally but risks loom as coronavirus batters economy,0.0
244,Stocks - Dow Cuts Gains as Energy Falls Amid Ugly Reversal in Oil,0.0
245,Stocks - Europe Heads Higher Ahead of Eurogroup meeting,0.0
246,Stocks - Europe Posts Gains; Eurogroup to Meet Again,0.0
247,Stocks - S&P Caps Best Week Since '74 as Powell Signals More Ammo in Fed Bazooka,0.17896349824889995
248,Stocks - US Futures Slip Ahead of Jobless Claims Data,0.0
249,"Stocks - Wall Street Higher on Fed Program, OPEC+ Eyed",0.0
250,The Pandemic Couldn’t Have Provided a Better Environment for Crypto,0.0
251,The Pandemic Couldn’t Have Provided a Better Environment for Crypto,0.0
252,"Dow, S&P 500 slide as focus shifts to earnings; Nasdaq gains",0.22488749666030267
253,Exxon raises $9.5 billion to load up on cash while debt market still open to new deals,0.0
254,Stocks - Dow Languishes in Red Despite Hopes of U.S. Reopening,0.0
255,Stocks - Wall Street Makes Weak Start to Week on Fears of Earnings Gloom Ahead,0.0
256,Stocks – Wall Street Slides as Concerns About Economic Restart Persis,0.0
257,U.S. stocks mixed at close of trade; Dow Jones Industrial Average down 1.39%,0.0
258,Dividend futures bounce indicates despair lifting,0.0
259,"JB Hunt Earnings Miss, Revenue Beats In Q1",0.0
260,Stocks - Dow Racks up 500+ Points Despite Bank Earnings Signaling Pain Ahead,0.0
261,Stocks - Wall Street Climbs on Economic Restart Hopes,0.0
262,Stocks - Wall Street Eyes Session Highs as FAANG Adds Bite to Rally,0.0
263,U.S. funds that beat market plunge seek recession-proof stocks,0.0
264,U.S. stocks higher at close of trade; Dow Jones Industrial Average up 2.39%,0.0
265,Wall Street jumps as hopes for easing lockdown offset earnings worry,0.0
266,"Wells Fargo&Co Earnings Beat, Revenue Misses In Q1",0.0
267,Bank of America Posts $4.8 Billion in Q1 Provisions  as Virus Hits,0.0
268,"Charles Schwab Earnings Miss, Revenue Inline In Q1",0.0
269,"Citigroup Earnings Miss, Revenue Beats In Q1",0.0
270,"PNC Financial Earnings Miss, Revenue Beats In Q1",0.0
271,"Progressive Earnings Beat, Revenue Misses In Q1",0.0
272,"Stocks - Dow Falls as Economic Data, Earnings Dent Hopes of V-Shaped Recovery",0.0
273,"Stocks - Dow Moves off Lows, but Earnings, Record Retail Plunge Weigh",0.0
274,"Stocks - Wall Street Heads Lower Midday, Coming to Terms With Dour Data",0.0
275,U.S. stocks lower at close of trade; Dow Jones Industrial Average down 1.86%,0.0
276,"UnitedHealth Earnings, Revenue Beat in Q1",0.0
277,"US Bancorp Earnings Miss, Revenue Beats In Q1",0.0
278,"Wall Street falls on dour economic data, corporate earnings",0.0
279,"Bank of NY Mellon Earnings, Revenue Beat in Q1",0.0
280,"BlackRock Earnings, Revenue Beat in Q1",0.0
281,"Futures jump late following data on potential virus treatment, Trump guidelines",0.0
282,"KeyCorp Earnings, Revenue Miss in Q1",0.0
283,Options markets send cautiously bullish signal on U.S. stock rally,0.0
284,Stocks - Dow Cuts Losses as Traders Eye Trump Update on Reopening Economy,0.0
285,Stocks - S&P Flat in Choppy Trade Amid Dire Economic Data,0.24294862452354582
286,"Stocks head for higher ground, oil stuck in a ru",0.0
287,U.S. stocks higher at close of trade; Dow Jones Industrial Average up 0.14%,0.0
288,3 Things Under the Radar This Week,0.0
289,"Boeing, lockdown easing hopes set to lift Wall Stree",0.0
290,"Regions Financial Earnings, Revenue Miss in Q1",0.0
291,"State Street Earnings, Revenue Beat in Q1",0.0
292,Stock Market Investors Are Too Optimistic,0.0
293,Stocks - Dow Eyes First Two-Week Win Since Feb on Reopening Optimism,0.0
294,Stocks - Dow Hitches Ride With Energy to First 2-Week Gain Since February,0.0
295,Stocks - Wall Street Higher on Reopening Hopes,0.0
296,U.S. stocks higher at close of trade; Dow Jones Industrial Average up 2.99%,0.0
297,"Walmart to hire 50,000 more workers in coronavirus-driven hiring spree",0.0
298,Economic Calendar - Top 5 Things to Watch This Week,0.0
299,Stock market gains alongside economic pain; some worry about over-optimism,0.0
300,Shares turn cautious as U.S. crude gets crushed,0.0
301,Stocks - Crude Awakening Hits Wall Street Amid Historic Slump in Oil,0.0
302,Stocks - U.S. Futures Slump Amid Protests Over Reopening,0.0
303,U.S. stocks lower at close of trade; Dow Jones Industrial Average down 2.44%,0.0
304,Wall Street drops as U.S. producers can't give crude away,0.0
305,Bruised hedge funds tentatively looking for risk again,0.0
306,"Chubb Earnings, Revenue Beat in Q1 Amid Growth in Premiums",0.0
307,"Coca-Cola Earnings, Revenue Beat in Q1",0.0
308,Netflix doubles expected signups but warns coronavirus boost may fade,0.0
309,"Philip Morris Earnings, Revenue Beat in Q1",0.0
310,Stocks - Dow Down as Bears Sink Teeth Into Tech Amid 43% Plunge in Oil,0.0
311,"Stocks - S&P Falls as Oil Crash Continues on Storage Conundrum, Weaker Demand",0.19198355222773003
312,"Stocks - Wall Street Falls, Pressured by Oil Gloom",0.0
313,U.S. stocks lower at close of trade; Dow Jones Industrial Average down 2.67%,0.0
314,Wall Street tumbles as oil crash stirs pandemic fears,0.0
315,"Coffee, chocolates and pills shield Swiss stocks from virus rou",0.0
316,"CSX Earnings Beat, Revenue Misses on Weakness in Coal Business",0.0
317,Las Vegas Sands posts first-quarter loss on coronavirus woes,0.0
318,"NextEra Energy Earnings Beat, Revenue Misses In Q1",0.0
319,"O’Reilly Automotive Earnings Miss, Revenue Beats In Q1",0.0
320,Stimulus hopes lift Wall Street after historic oil rou,0.0
321,"Stocks - Dow 500+ Points Higher on Crude Pop, $500B Stimulus",0.0
322,Stocks - Dow Snaps Two-Day Losing Streak as Oil Stages Comeback,0.0
323,"Stocks - Wall Street Holds Early Gains, Lifted by Oil Bounce, Senate Action",0.0
324,"Thermo Fisher Scientific Earnings, Revenue Beat in Q1",0.0
325,U.S. stocks higher at close of trade; Dow Jones Industrial Average up 1.99%,0.0
326,"Xilinx Earnings, Revenue Beat in Q4",0.0
327,"Eli Lilly Earnings, Revenue Beat in Q1",0.0
328,S&P 500 slips after report on coronavirus drug trial,0.24718575840769677
329,Stocks - Dow Cuts Gains in Wild Trading as Gilead Drug Reportedly Fails,0.0
330,Stocks - Wall Street off Lows After Gilead Treatment Scare,0.0
331,U.S. stocks mixed at close of trade; Dow Jones Industrial Average up 0.17%,0.0
332,"Union Pacific Earnings, Revenue Beat in Q1",0.0
333,Stocks - Dow Snaps Two-Week Rally Despite Strong End to Week on Tech,0.0
334,"Stocks - Dow Turns Higher, Led by Tech, as Traders Weigh Stimulus, Weaker Data",0.0
335,Stocks - U.S. Futures Higher; More Stimulus on Way,0.0
336,Stocks - Wall Street Pares Early Gains as Consumer Sentiment Data Weigh,0.0
337,Tech & healthcare tighten grip on world stock markets,0.0
338,Tech titans Apple and Microsoft propel Wall Street rally,0.0
339,U.S. stocks higher at close of trade; Dow Jones Industrial Average up 1.11%,0.0
340,"Verizon Earnings Beat, Revenue Misses In Q1",0.0
341,"Equity valuations rebounding, with bleak earnings a wild card",0.0
342,"Investors bet on testing, treatments for restart of U.S. economy",0.0
343,Asia stocks set to rise as Wall Street jumps on lockdown easing hopes,0.0
344,DoubleLine's Gundlach sees U.S. stocks testing recent lows -CNBC interview,0.0
345,"PPG Industries Earnings, Revenue Miss in Q1 as Covid-19 Outbreak Hurts Demand",0.0
346,Stocks - Dow Notches First 4-Day Win Streak Since February,0.0
347,Stocks - U.S. Futures Higher; Fed Meeting and Tech Results Eyed,0.0
348,"Stocks - Wall Street Opens Higher but Apple, GM Temper Virus Hopes",0.0
349,Stocks -Wall Street Extends Gains  as Economic Reopening Lifts Sentimen,0.0
350,U.S. stocks higher at close of trade; Dow Jones Industrial Average up 1.51%,0.0
351,Wall St. surges as some U.S. states reopen for business,0.0
352,3M 1Q Earnings Boosted by Health Care Division,0.0
353,Indexes drop as investors rotate from growth to value stocks,0.0
354,"Maxim Earnings, Revenue Beat in Q3",0.0
355,"Merck&Co Earnings, Revenue Beat in Q1",0.0
356,"Mondelez Earnings, Revenue Beat in Q1",0.0
357,"Pfizer Earnings, Revenue Beat in Q1",0.0
358,Stocks - Dow Cuts Gains as Tech Slides Ahead of Google Earnings,0.0
359,Stocks - Dow Ends Lower in Volatile Trade With Big-Tech Earnings Eyed,0.0
360,Stocks - U.S. Futures Head Higher; Testing Boost to Help States Reopen,0.0
361,Stocks - Wall Street Extends Recovery as Reopening Plans Lift Spirits,0.0
362,U.S. stocks lower at close of trade; Dow Jones Industrial Average down 0.13%,0.0
363,"United Parcel Service Earnings Miss, Revenue Beats In Q1",0.0
364,"Align Earnings, Revenue Miss in Q1",0.0
365,"American Tower Earnings, Revenue Miss in Q1",0.0
366,"Anthem Earnings, Revenue Beat in Q1",0.0
367,"Crown Castle Earnings, Revenue Miss in Q1",0.0
368,"Hasbro Earnings, Revenue Miss in Q1",0.0
369,Indians venture into U.S. stocks as markets slump at home,0.0
370,"Mastercard Earnings, Revenue Beat in Q1",0.0
371,"Northrop Grumman Earnings Miss, Revenue Beats In Q1",0.0
372,"Qualcomm Earnings, Revenue Beat in Q2",0.0
373,Shares squeeze out gains as economies look to reopen,0.0
374,"Stocks - Dow Racks up Gains on Fed Stimulus Hopes, Progress on Covid-19 Drug",0.0
375,Stocks - Wall Street Leaps as Gilead Upstages Weak GDP. Dow Rises 400 Points,0.0
376,Stocks – Wall Street Surges as Powell Hints at More Stimulus,0.0
377,U.S. stocks higher at close of trade; Dow Jones Industrial Average up 2.21%,0.0
378,U.S. stocks rally on coronavirus drug hopes,0.0
379,"Yum! Brands Earnings Miss, Revenue Beats In Q1",0.0
380,"Altria Earnings, Revenue Beat in Q1",0.0
381,Buffett likely to finally address pandemic at Berkshire Hathaway meeting,0.0
382,"Comcast Earnings Beat, Revenue Misses In Q1",0.0
383,"ConocoPhillips Earnings Beat, Revenue Misses In Q1",0.0
384,"Kraft Heinz Earnings, Revenue Beat in Q1",0.0
385,"Moodys Earnings, Revenue Beat in Q1",0.0
386,"Southern Earnings Beat, Revenue Misses In Q1",0.0
387,"Stocks - Dow Ends April on Sour Note, but Notches Best Month Since '87",0.0
388,Stocks - Dow Falls as Dire Economic Data Weigh on Sentimen,0.0
389,"Stocks - U.S. Futures Mixed, Consolidating After Strong Tech Results",0.0
390,"Stryker Earnings Beat, Revenue Misses In Q1",0.0
391,"Twitter Inc Earnings, Revenue Beat in Q1",0.0
392,U.S. stocks lower at close of trade; Dow Jones Industrial Average down 1.17%,0.0
393,"United Airlines Holdings Earnings, Revenue Miss in Q1",0.0
394,Wall St. caps best month in decades with broad sell-off,0.0
395,"Western Digital Earnings Miss, Revenue Inline In Q3",0.0
396,"AbbVie Earnings, Revenue Beat in Q1",0.0
397,"Charter Communications Earnings, Revenue Miss in Q1",0.0
398,"Chevron Earnings Beat, Revenue Misses In Q1",0.0
399,"Estee Lauder Earnings, Revenue Beat in Q3",0.0
400,"Exxon Mobil Earnings, Revenue Beat in Q1",0.0
401,"Honeywell Earnings Beat, Revenue Misses In Q1",0.0
402,Stocks - Dow Falls; Trump Stokes U.S.-China Tensions,0.0
403,Stocks - Dow Kicks off May on Sour Note as Trump Threatens Payback on China,0.0
404,Stocks - FTSE 100 Lower; Trump Talks Trade War,0.0
405,Stocks - US Futures Lower amid Trade War Fears,0.0
406,Stocks - Wall Street Opens Lower as Trump Talks Tariffs; Dow Down 425,0.0
407,"Top 5 Things to Know in the Market on Friday, May 1s",0.0
408,U.S. stocks lower at close of trade; Dow Jones Industrial Average down 2.55%,0.0
409,Wall Street tumbles as renewed tariff threat adds to uncertainties,0.0
410,"Berkshire Hathaway B Earnings Miss, Revenue Beats In Q1",0.0
411,"Apple borrows on the cheap to fund buybacks, dividends",0.0
412,"Stocks - Dow Turns Positive on Late-Day Buying as Energy, Tech Shine",0.0
413,"Stocks - Wall Street off Lows as Energy, Tech Climb",0.0
414,Stocks - Wall Street Opens Lower as Trump Trade Threats Dampen Mood,0.0
415,U.S. airline shares tumble as Buffett sell-off adds to worries,0.0
416,U.S. stocks higher at close of trade; Dow Jones Industrial Average up 0.11%,0.0
417,"Varian Earnings Miss, Revenue Beats In Q2",0.0
418,Wall Street snaps two-day slump on lift from tech titans,0.0
419,"DuPont Earnings, Revenue Beat in Q1",0.0
420,"Equity Residential Earnings Beat, Revenue Misses In Q1",0.0
421,"Illinois Tool Works Earnings Beat, Revenue Misses In Q1",0.0
422,"Marathon Petroleum Earnings Beat, Revenue Misses In Q1",0.0
423,"Regeneron Pharma Earnings, Revenue Beat in Q1",0.0
424,"Stocks - Dow Eases From Highs, but Healthcare, Tech Keep Lid on Downside",0.0
425,Stocks - Dow Races Higher as Economic Reopening Lifts Sentimen,0.0
426,Stocks - Wall Street Opens Higher on Reopening Hopes,0.0
427,U.S. stocks higher at close of trade; Dow Jones Industrial Average up 0.56%,0.0
428,"Uber, Lyft investors want to hear plans to get riders back in cars",0.0
429,"Wall Street jumps as energy shares rise, lockdowns ease",0.0
430,"Alexion Earnings, Revenue Beat in Q1",0.0
431,"American Electric Power Earnings, Revenue Miss in Q1",0.0
432,"CVS Health Corp Earnings, Revenue Beat in Q1",0.0
433,"Domino's Pizza to join S&P 500, despite pandemic's impac",0.17710580384953434
434,"Stocks - Dow Struggles for Direction Amid Labor Market Pain, Tech Jump",0.0
435,Stocks - Wall Street Mixed After ADP Cancels out Robust Earnings,0.0
436,Surging small cap stocks offer hope of U.S. growth rebound,0.0
437,"T-Mobile US Earnings Beat, Revenue Misses In Q1",0.0
438,Tech leads Wall Street higher as financials fall,0.0
439,U.S. stocks mixed at close of trade; Dow Jones Industrial Average down 0.91%,0.0
440,"Asia stocks get China trade relief, U.S. bonds face debt deluge",0.0
441,"Becton Dickinson Earnings, Revenue Beat in Q2",0.0
442,"Booking Earnings, Revenue Miss in Q1",0.0
443,"Bristol-Myers Squibb Earnings, Revenue Beat in Q1",0.0
444,"Danaher Earnings Miss, Revenue Beats In Q1",0.0
445,"EOG Resources Earnings Miss, Revenue Beats In Q1",0.0
446,"Stocks - Dow Ends Higher on Upbeat Earnings, Slowing Jobless Claims",0.0
447,Stocks - Nasdaq Rides Tech Higher to Turn Positive for the Year,0.0
448,Stocks - Wall Street Opens Higher as Initial Jobless Claims Slow Further,0.0
449,U.S. stocks higher at close of trade; Dow Jones Industrial Average up 0.89%,0.0
450,Gold Goes Cold as Wall Street Turns Hot After Worst U.S. Jobs Numbers ,0.0
451,Stocks - Dow Rallies to Snap Two-Week Losing Streak Amid Bets on Jobs Comeback,0.0
452,Stocks - Dow Shrugs off Worst Ever Jobs Report as Experts Talk up Comeback,0.0
453,Stocks - Wall Street Jumps on Belief Worst Is Over After Jobless Surge,0.0
454,U.S. stocks higher at close of trade; Dow Jones Industrial Average up 1.91%,0.0
455,Wall Street jumps as historic job losses fewer than feared,0.0
456,Energy & Precious Metals - Weekly Review and Calendar Ahead,0.0
457,Gold Sucker Punched by Dollar as New Covid Wave Revives Safety Hun,0.0
458,"Marriott Int Earnings Miss, Revenue Beats In Q1",0.0
459,"Mylan Earnings Beat, Revenue Misses In Q1",0.0
460,S&P 500 closes barely higher as investors balance pandemic with recovery,0.20942035787235005
461,"Simon Property Earnings Miss, Revenue Beats In Q1",0.0
462,"Stocks - Dow Cuts Losses as Tech, Healthcare Rally",0.0
463,"Stocks - Dow Ends in Red, but Above Session Lows as Tech, Healthcare Climb",0.0
464,Stocks - Wall Street Falls at Opening on Fresh Virus Fears,0.0
465,U.S. stocks mixed at close of trade; Dow Jones Industrial Average down 0.45%,0.0
466,"Duke Energy Earnings, Revenue Miss in Q1",0.0
467,Resurgent Wall Street disconnected from reality on the ground,0.0
468,Stocks - Dow Falls as Tech Runs out of Steam; Fauci Warns on Reopening too Soon,0.0
469,Stocks - Dow Slumps Late as Tech Rally Cools on Concerns Over Rushed Reopening,0.0
470,Stocks - Wall Street Reverses Early Gains as Trump Hits Bank Stocks,0.0
471,U.S. stocks lower at close of trade; Dow Jones Industrial Average down 1.89%,0.0
472,"In nod to grim U.S. outlook, Fed's Powell calls for more fiscal suppor",0.0
473,Stocks - Dow Dives as Powell Warns of Long Road to Recovery,0.0
474,Stocks - Sea of Red Hits Wall Street as Powell Warns on Economic Future,0.0
475,Stocks - Wall Street Opens Lower as Powell Dampens Negative Rate Hopes,0.0
476,Tepper Calls Market ‘Second-Most Overvalued’ - CNBC,0.0
477,U.S. stocks lower at close of trade; Dow Jones Industrial Average down 2.17%,0.0
478,"Wall Street ends down on Powell's sober outlook, call to Congress for help",0.0
479,"Bank Stocks Climb on Report of Potential Goldman, Wells Fargo Deal",0.0
480,Stocks - Dow Makes Comeback as Rallying Banks Trigger Turnaround,0.0
481,Stocks - Dow Turns Green as Banks Bounce After Recent Selloff,0.0
482,Stocks - Wall Street Opens Lower as Jobless Claims Stay Stubbornly High,0.0
483,Storm clouds gather over U.S. stocks as hopes of quick recovery fade,0.0
484,U.S. stocks higher at close of trade; Dow Jones Industrial Average up 1.62%,0.0
485,Wall Street closes with strong gains as recovery hopes offset pandemic fears,0.0
486,Canadian investors shed record level of foreign securities in March,0.0
487,Pandemic stirs Wall Street’s social conscience,0.0
488,Stocks - Dow Shakes Off Retail Sales Pain as Consumer Staples Climb,0.0
489,"Stocks - Wall Street Makes Comeback, but Still Suffers Worst Week Since March",0.0
490,"Stocks - Wall Street Opens Lower on Trade Tension, Dismal Retail Numbers",0.0
491,U.S. stocks higher at close of trade; Dow Jones Industrial Average up 0.25%,0.0
492,"Wall Street ends up after swings on reopening hopes, weak data, trade woes",0.0
493,"Stimulus, vaccine hopes drive S&P 500 to 10-week high",0.22761397334596256
494,"Stocks - Dow Racks up 911 Point Gain on Vaccine Progress, Stimulus Hopes",0.0
495,Stocks - Dow Soars as Vaccine Hopes Trigger Sea of Green,0.0
496,"Stocks - Wall Street Jumps at Opening on Reopenings, Vaccine Hopes",0.0
497,U.S. stocks higher at close of trade; Dow Jones Industrial Average up 3.85%,0.0
498,"Home Depot Earnings Miss, Revenue Beats In Q1",0.0
499,S&P stumbles as Moderna sinks on report questioning trial results,0.20231516030194702
500,Stocks - Dow Gets Hit Late as Vaccine Optimism Cools,0.0
501,"Stocks - Dow Lower as Investors Mull Mixed Earnings, Powell Remarks",0.0
502,"Stocks - U.S. Futures Lower as Powell, Mnuchin Set to Testify",0.0
503,Stocks - Wall Street Opens Mixed; Walmart Supports Ahead of Powell Testimony,0.0
504,U.S. stocks lower at close of trade; Dow Jones Industrial Average down 1.59%,0.0
505,Dollar nurses losses as currency markets eye recovery prospects,0.0
506,"Stocks - Dow Rallies as Energy, Financials Shine on Reopening Optimism",0.0
507,Stocks - Europe Lower; Attention Turns Back to Economic Damage,0.0
508,Stocks - Wall Street Opens Higher on Recovery Hopes,0.0
509,"Stocks - Wall Street Rides Tech Higher as Facebook, Amazon Hit Record Highs",0.0
510,U.S. stocks higher at close of trade; Dow Jones Industrial Average up 1.52%,0.0
511,"Medtronic Earnings, Revenue Miss in Q4",0.0
512,"Stocks - Dow Down 100 Points, but on Track for Weekly Win",0.0
513,"Stocks - Wall Street Drifts Lower on Weak Labor Data, U.S.-China Tensions",0.0
514,"TJX Earnings, Revenue Miss in Q1",0.0
515,U.S. stocks lower at close of trade; Dow Jones Industrial Average down 0.41%,0.0
516,Wall Street finishes down as U.S.-China tensions heighten trade deal worries,0.0
517,"Stocks - Dow Eases From Lows, but Sentiment Fragile as U.S.-China Tensions Flare",0.0
518,Stocks - Dow Notches Weekly Win After Cutting Losses to End Fla,0.0
519,Stocks - Wall Street Opens Mostly Lower; Virus Hopes Tempered by China News,0.0
520,U.S. stocks mixed at close of trade; Dow Jones Industrial Average down 0.04%,0.0
521,"S&P 500 tops 3,000 on hopes of economic recovery, COVID-19 vaccine",0.2001583721176045
522,"Stocks - Dow Soars, Led by Financials, but U.S.-China Tensions Cool Rally",0.0
523,"Stocks - S&P 500 Tops 3,000 on Reopening Optimism",0.25502481241578934
524,Stocks - Wall Street Roars Higher at Open on Virus Hopes,0.0
525,"Top 5 Things to Know in the Market on Tuesday, May 26th",0.0
526,U.S. Stock Index Futures Extend Gains Amid Reopening Optimism,0.0
527,U.S. stocks higher at close of trade; Dow Jones Industrial Average up 2.17%,0.0
528,"Autodesk Earnings, Revenue Beat in Q1",0.0
529,Dow Busts Move Higher on Late Buying as Traders Bank on Financials to Shine,0.0
530,"HP Earnings Beat, Revenue Misses In Q2",0.0
531,S&P 500 rises on boost from bank shares,0.2868830868139129
532,Stock - Wall Street Opens Higher as Cyclicals' Recovery Gains Strength,0.0
533,Stocks - U.S. Futures Higher Ahead of May Business Surveys,0.0
534,Stocks - Wall Street Rides Financials Higher to Claw Back Losses,0.0
535,U.S. stocks higher at close of trade; Dow Jones Industrial Average up 2.21%,0.0
536,"Workday Earnings Miss, Revenue Beats In Q1",0.0
537,Dow Slashes Gains to End Lower on Fears U.S.-China Tensions Set to Turn Toxic,0.0
538,S&P Turns Negative as Trump Announces News Conference on China,0.1956717941649428
539,Stocks - US Futures Mixed; Social Media Giants Weigh,0.0
540,U.S. stocks lower at close of trade; Dow Jones Industrial Average down 0.58%,0.0
541,S&P 500 up in choppy action after Trump comments on China,0.2229937912432569
542,Stocks - Dow Notches Two-Month Winning Streak as Trump Stops Short on China,0.0
543,Stocks - Wall Street Slips as U.S. Consumer Wobbles; Trump's China Speech Eyed,0.0
544,Stocks slip as markets await Trump's Hong Kong response,0.0
545,"U.S. Stocks Expensive Any Way You Cut It, Says Oxford Economics",0.0
546,U.S. stocks mixed at close of trade; Dow Jones Industrial Average down 0.07%,0.0
547,"U.S. to End Hong Kong's Special Treatment, Trump Says",0.0
548,Stocks - Dow Rides Reopening Optimism to End Higher,0.0
549,"Top 5 Things to Know in the Market on Monday, June 1s",0.0
550,"U.S. companies issue shares at fastest rate ever, selling the rally",0.0
551,U.S. stocks higher at close of trade; Dow Jones Industrial Average up 0.36%,0.0
552,Wall Street Climbs as Reopening Efforts Support Sentimen,0.0
553,"Wall Street closes higher as recovery signs soothe protest, pandemic worries",0.0
554,Dow Hitches Ride on Energy Sector as Hopes for Extended Production Cuts Boost Oil,0.0
555,Financing hunt during pandemic lifts May U.S. convertible debt issuance to record,0.0
556,Gold Dips Despite U.S. Protests as Wall Street Steals Shine,0.0
557,"Oil Foreruns OPEC Talks, Pushing Brent up to Near $40",0.0
558,Stocks - Wall Street Opens Mixed as Violent Protests Cloud Reopening Hopes,0.0
559,U.S. stocks higher at close of trade; Dow Jones Industrial Average up 1.05%,0.0
560,Wall Street Ends Higher on Bets Protests Unlikely to Derail Economic Recovery,0.0
561,Dow Notches Third-Straight Win as Bets on Faster Economic Recovery Continue,0.0
562,Dow Soars on Signs Worst of Pandemic's Economic Hit Is Over,0.0
563,"Gold Breaks $1,700 Support as Wall Street Keeps Climbing",0.0
564,Stocks - Wall Street Opens Higher on Signs of Job Market Turning,0.0
565,U.S. stocks higher at close of trade; Dow Jones Industrial Average up 2.05%,0.0
566,Wall Street closes sharply higher on signs of economic rebound,0.0
567,"Broadcom Earnings inline in Q2, but Warns of Supply Chain Impact in Q3",0.0
568,Dow Keeps Winning Streak Alive on Late Buying Amid Reopening Optimism,0.0
569,"Dow Struggles for Direction as Traders Weigh Mixed Data, Reopening Progress",0.0
570,Stocks - Wall Street Opens Lower as Continuing Jobless Claims Tick Up,0.0
571,U.S. banks attract bargain hunters though hurdles to growth remain,0.0
572,U.S. stocks mixed at close of trade; Dow Jones Industrial Average up 0.05%,0.0
573,"Asian stocks set for best weekly gain in nine years, U.S. jobs eyed",0.0
574,Donald Trump says Warren Buffett makes a mistake selling airline stocks,0.0
575,Dow Soars as Snapback in Hiring Bolsters Bets on Economic Rebound,0.0
576,Nasdaq hits record high as U.S. economy shows signs of rebound,0.0
577,Nasdaq Jumps as Job Gains Firm Up Bets on Economic Rebound,0.0
578,Stocks - US Futures Higher Ahead of Employment Repor,0.0
579,Stocks - Wall Street Surges at Open on Jobless Surprise,0.0
580,The Stock Rebound Really Gets Going After Wall Street Logs Off,0.0
581,U.S. stocks higher at close of trade; Dow Jones Industrial Average up 3.15%,0.0
582,Asian Stocks Mixed in Aftermath of Overnight U.S. Rally,0.0
583,"Nasdaq Tops 9,900 En Route to Record Close",0.0
584,"Top 5 Things to Know in the Market on Monday, June 8th",0.0
585,U.S. stocks higher at close of trade; Dow Jones Industrial Average up 1.70%,0.0
586,Wall Street Continues March Higher on Bets Recession Will Be Short-Lived,0.0
587,Dow Off Lows as Focus Shifts to Fed Meeting,0.0
588,Investors brace for market swings as Trump slips in election polls,0.0
589,Stocks - Europe Seen Mixed; German DAX Underperforms,0.0
590,"Top 5 Things to Know in the Market on Tuesday, June 9th",0.0
591,U.S. stocks mixed at close of trade; Dow Jones Industrial Average down 1.09%,0.0
592,Wall Street Ends off Session Lows as Tech Keeps Losses in Check,0.0
593,Fed vows to support U.S. economy's 'long road' to recovery after dire 2020,0.0
594,Nasdaq Closes Above 10K for First Time Ever as Tech Surges,0.0
595,"S&P 500, Dow finish lower in volatile trade on dour Fed forecasts",0.21255617595042253
596,Stocks - Europe Seen Higher Ahead of Fed Meeting,0.0
597,U.S. stocks mixed at close of trade; Dow Jones Industrial Average down 1.04%,0.0
598,Wall Street Swings Wildly as Fed Signals Low Rates Here to Stay,0.0
599,Dow Nosedives Amid Bloodbath on Wall Stree,0.0
600,Dow Slumps on Fears Rising  Covid Cases Could Trigger Second Wave of Pain,0.0
601,"European shares run red on Fed's reality check, second-wave virus fears",0.0
602,"Gold Moves Coolly Toward $1,750 as Wall Street Crumbles",0.0
603,"Lululemon Athletica Earnings, Revenue Miss in Q1",0.0
604,Stock tumble gives brutal reminder of pandemic fear,0.0
605,"Top 5 Things to Know in the Market on Thursday, June 11th",0.0
606,Trump Blasts Fed as its Grim Outlook Hammers Stocks,0.0
607,U.S. stocks lower at close of trade; Dow Jones Industrial Average down 6.90%,0.0
608,U.S. stocks plunge on dire economic forecasts and pandemic resurgence,0.0
609,Wall Street's 'fear gauge' jumps on fears of coronavirus resurgence,0.0
610,‘Overheated Momentum’ Doomed Stock Market to Quick Reversal,0.0
611,'Persistent fragilities' ahead for households and businesses -Fed repor,0.0
612,Caveat emptor! Argentine stocks soar as investors shrug off crises,0.0
613,"Dow Ends Higher, but Suffers Biggest Weekly Loss Since March",0.0
614,Robinhood users' favorite stocks roar back after selloff,0.0
615,S&P turns negative in volatile trade,0.270761143447553
616,Stocks - Europe Seen Mixed; Uncertainty Reigns After Sharp Selloff,0.0
617,"Top 5 Things to Know in the Market on Friday, June 12th",0.0
618,U.S. stocks higher at close of trade; Dow Jones Industrial Average up 1.90%,0.0
619,Wall Street Swings Wildly Amid Lingering Covid Concerns,0.0
620,Dow Stages Comeback as Fed Eyes Corporate Bonds Buying,0.0
621,Stocks - U.S. Futures Sharply Lower Amid Fears of Virus Resurgance,0.0
622,Stocks - Wall Street Opens Sharply Lower on Virus 2nd Wave Fears,0.0
623,U.S. stocks higher at close of trade; Dow Jones Industrial Average up 0.62%,0.0
624,Wall Street Cuts Losses as Fed Expands Shopping List to Individual Corporate Deb,0.0
625,Wall Street jumps on Fed's corporate bond purchase announcemen,0.0
626,"Dow Pares Some Gains, but Signs of Economic Recovery Keep Bulls Alive",0.0
627,Dow Rises as Retail Sales Rebound Suggests Economic Recovery Underway,0.0
628,European stock index futures bounce on Fed's bond buying plan,0.0
629,"Oracle Earnings Beat, Revenue Misses In Q4 as Pandemic Dents Cloud Demand",0.0
630,Stocks - U.S. Futures Higher as Market Eyes More Fed Stimulus,0.0
631,Stocks - Wall Street Surges at Open After Retail Sales Rebound,0.0
632,U.S. stocks higher at close of trade; Dow Jones Industrial Average up 2.04%,0.0
633,Dow Snaps 3-Day Win Streak as Rising Infections Return to Focus,0.0
634,Stocks - U.S. Futures Higher as Recovery Hopes Outweigh Virus Worries,0.0
635,Stocks - Wall Street Opens Mixed as Cyclicals Suffer; Dow Down 30 Points,0.0
636,U.S. stocks mixed at close of trade; Dow Jones Industrial Average down 0.65%,0.0
637,Wall Street Turns Negative as Tech Rally Loses Steam,0.0
638,Dow Ends Lower for Second Day as Bulls Pause Amid Rising Virus Cases,0.0
639,"Dow Slips on Sluggish Jobs Data, Rising Covid-19 Cases",0.0
640,Global stocks retreat as investors fret over coronavirus relapse,0.0
641,"S&P 500 muted as virus cases rise, jobless claims weigh",0.22566214949275515
642,Security Token Exchanges May be the Next Phase in the Finance Evolution,0.0
643,Stocks  - Wall Street Mixed Early After Sticky Jobless Claims,0.0
644,U.S. stocks mixed at close of trade; Dow Jones Industrial Average down 0.15%,0.0
645,"Dow Ends Lower, But Grabs Weekly Win After Wild Swings",0.0
646,Dow Falls as Apple's Move to Close Some U.S. Stores Triggers Virus Fears,0.0
647,Oaktree's Marks says odds not in investors' favor in stock rally,0.0
648,Stocks - Wall Street Higher as Reopening Hopes Strengthen,0.0
649,U.S. stocks mixed at close of trade; Dow Jones Industrial Average down 0.80%,0.0
650,Credit Suisse says it will delist volatility ETN,0.0
651,Dow Ends Higher as Traders Continue to Bet on Tech,0.0
652,Dow Inches Higher as Tech Shine Overshadows Rising Covid-19 Infections,0.0
653,Investors Are Spending Fresh Billions Hedging the Market Mania,0.0
654,Square Bucks Market to Rise to Record High,0.0
655,Stocks - Wall Street  Ticks up as Reopening Narrative Regains Upper Hand,0.0
656,U.S. stocks higher at close of trade; Dow Jones Industrial Average up 0.59%,0.0
657,Nasdaq Hits Record But Stocks Show Weakness at the Close,0.0
658,Stocks - Wall Street Opens Higher After China Wobble,0.0
659,U.S Stocks Gain on Recovery Signs as Nasdaq Hits Record,0.0
660,U.S. stocks higher at close of trade; Dow Jones Industrial Average up 0.50%,0.0
661,VelocityShares ETN Sinks on Credit Suisse Delisting,0.0
662,"Wall Street higher on signs of recovery, Nasdaq hits record high",0.0
663,Dow Slumps as Fears Over Another Shutdown Gather Pace Amid Rising Infections,0.0
664,Gold Pauses After 8-Year High in Bullion as Dollar Rises ,0.0
665,Nasdaq Snaps Eight-Day Winning  Streak on Rising Covid-19 Cases,0.0
666,"Only Nasdaq at a Record Is Bad Sign for U.S. Stocks, BTIG Says",0.0
667,U.S. stocks lower at close of trade; Dow Jones Industrial Average down 2.72%,0.0
668,"Wall Street tumbles on rising virus cases, grim economic forecas",0.0
669,"Accenture Earnings, Revenue Beat in Q3",0.0
670,"Banks Lift Dow, But Virus Challenges Market Momentum",0.0
671,"Dow Off Lows, Led by Financials as Regulators Set to Cut Banks a Break",0.0
672,IMF Flags Risks From Financial-Market Disconnect With Economies,0.0
673,Stocks - U.S. Futures Mixed; Disney Delays California Reopening,0.0
674,Stocks - Wall Street Opens Lower as Jobless Data Fail to Turn Mood Around,0.0
675,U.S. stocks higher at close of trade; Dow Jones Industrial Average up 1.18%,0.0
676,Dow Falls as Covid-19 Surge Delivers Blow to Reopening Efforts,0.0
677,Dow Notches Weekly Loss as Reopenings Suffer Reckoning,0.0
678,"Investors warm to Europe as Biden lead, virus fears rattle Wall Stree",0.0
679,Stocks - Banks Drag Wall Street Lower After Fed Buyback Ban; Dow Down 290,0.0
680,Stocks and oil gain despite surging coronavirus cases,0.0
681,U.S. bank shares drop as Fed sets limits following stress tests,0.0
682,U.S. stocks lower at close of trade; Dow Jones Industrial Average down 2.84%,0.0
683,Wall Street ends lower as coronavirus surge prompts renewed restrictions,0.0
684,Dow Rides Boeing Surge as 737 Test Flight Takes Off,0.0
685,Industrials Push Wall Street Higher as Boeing 737 Tests Begin,0.0
686,"Micron Earnings, Revenue Beat in Q3",0.0
687,Stocks - Wall Street Opens Higher as Boeing Lifts Mood,0.0
688,U.S. stocks higher at close of trade; Dow Jones Industrial Average up 2.32%,0.0
689,"Wall Street ends higher on Boeing bump, stimulus eyed",0.0
690,Bitcoin’s ROI Since 2015 Outperforms Five Major Indices by 70X,0.0
691,"FedEx Earnings, Revenue Beat in Q4 as Residential Deliveries Surge",0.0
692,S&P 500 ends best quarter since 1998 on a high note,0.2347779706551737
693,S&P 500 Notches Best Quarter Since 1998,0.24596856847524728
694,Stocks - Wall Street Opens Mixed Ahead of Powell Testimony,0.0
695,U.S. stocks higher at close of trade; Dow Jones Industrial Average up 0.85%,0.0
696,Wall Street Climbs as Chip Stocks Bounce on Firmer Earnings,0.0
697,Investors are waking up to a possible Biden victory in U.S. presidential election,0.0
698,"S&P Rises as Economic Data, Positive Vaccine Results Overshadow Rising Cases",0.1831972072299349
699,"Stocks - U.S. Futures Lower; ISM, ADP Employment Data Eyed",0.0
700,"Stocks - Wall Street Rises at Open on ADP, Virus Hope; Dow up 107",0.0
701,U.S. stocks mixed at close of trade; Dow Jones Industrial Average down 0.30%,0.0
702,Wall Street Climbs as Data Stoke Recovery Hopes,0.0
703,"Dow Eases From Highs on Rising Infections, but Jobs Surge Lifts Hopes",0.0
704,Dow Fends off Late Selling on Virus Spread to End Week Higher,0.0
705,U.S. stocks higher at close of trade; Dow Jones Industrial Average up 0.36%,0.0
706,Wall Street closes higher after biggest payrolls jump on record,0.0
707,Wall Street Higher after Jobs Data; Dow up 200 Points,0.0
708,3 Reasons Why Bloomberg Calling Bitcoin a ‘Resting Bull’ Is Inaccurate,0.0
709,3 Reasons Why Bloomberg Calling Bitcoin a ‘Resting Bull’ Is Inaccurate,0.0
710,"Citi expects stocks to go sideways for a year, suggests defensives",0.0
711,"Dow Racks Up Gains, Shrugging Off Rise in Covid Cases",0.0
712,"Nasdaq Hits Record, Dow Surges as Tech Continues to Shine",0.0
713,U.S. stocks higher at close of trade; Dow Jones Industrial Average up 1.78%,0.0
714,Dow Ends Lower as Jump in Cases Casts Doubt on Recovery,0.0
715,Dow Falls as Rising U.S. Covid Cases Force Reopening Rollbacks,0.0
716,Stocks - U.S. Futures Consolidate After Sharp Gains; Dow Futures Down 280,0.0
717,Stocks - Wall Street Pares Losses as Citi Raises S&P Targe,0.250699722996872
718,U.S. stocks lower at close of trade; Dow Jones Industrial Average down 1.51%,0.0
719,"Wall Street slips after strong recent rally, as COVID cases moun",0.0
720,Dow Makes Late-Dash Higher as Wave of Tech Buying Continues,0.0
721,Dow Struggles for Direction in Choppy Session; Tech Tracks Higher,0.0
722,Nasdaq ends at record high as Wall Street rises with tech shares,0.0
723,Stocks - Wall Street Opens Higher as Kudlow Rules out Fresh Closures; Dow up 125,0.0
724,U.S. stocks higher at close of trade; Dow Jones Industrial Average up 0.68%,0.0
725,Bad Day for Stocks Sends Bitcoin Price Below Key $9.3K Suppor,0.0
726,"Coronavirus records in Florida, Texas and California erode hopes of economic revival",0.0
727,Dow Off Lows as Tech Resistance Continues,0.0
728,"Dow, S&P 500 fall on fears over virus resurgence but Nasdaq ends at record high",0.21717810678223043
729,Nasdaq At Record as Investors Bet on Big Tech to Weather Virus Storm; Dow Falls,0.0
730,Stocks - Wall Street Opens Higher as Jobless Claims Fall; Dow Down 40,0.0
731,U.S. stocks mixed at close of trade; Dow Jones Industrial Average down 1.39%,0.0
732,"Bitcoin’s Correlation With Gold Is Weakening, Says New Kraken Repor",0.0
733,"Buffett's Berkshire Hathaway reduces share count, suggesting possible buybacks",0.0
734,Dow Moves Higher as Positive Vaccine News Renews Bets on Reopening Trade,0.0
735,Dow Rides Reopening Trade to Eke Weekly Gain,0.0
736,Stocks - Wall Street Opens Flat as Vaccine Hopes Keep Virus Fears in Check,0.0
737,U.S. stocks higher at close of trade; Dow Jones Industrial Average up 1.44%,0.0
738,Wall Street climbs as Gilead data offsets virus fears; Nasdaq hits another record high close,0.0
739,"Bitcoin’s Correlation With Gold Is Weakening, Says New Kraken Repor",0.0
740,Correlation Between Bitcoin Price and Stocks Reaches a New All-Time High,0.0
741,Correlation Between Bitcoin Price and Stocks Reaches a New All-Time High,0.0
742,Dow Cuts Some Gains as Tech Stumbles on Reopening Rollbacks,0.0
743,S&P 500 and Nasdaq end lower after sharp drop in tech titans,0.2236872129636512
744,S&P Slashes Gains to End Lower as California Shutdown Triggers Tech U-Turn,0.1875918889825877
745,Stocks - U.S. Futures Seen Higher; Dow Futures Up 230,0.0
746,Stocks - Wall Street Opens Higher as Tech Feeding Frenzy Continues; NASDAQ up 1.3%,0.0
747,U.S. stocks mixed at close of trade; Dow Jones Industrial Average up 0.04%,0.0
748,Chongqing city district says it discussed projects with Tesla,0.0
749,"Dow Racks Up Gains as Energy Rallies, Tech Rebounds",0.0
750,"Fastenal Earnings, Revenue Beat in Q2",0.0
751,Hedge fund manager Singh calls Trump's handling of coronavirus 'an incredible gift',0.0
752,S&P Higher as Tech Recovers From Lows on Signs Cases Flattening in California,0.20918189084657904
753,Stocks - U.S. Futures Higher as JPM Beats; Dow Futures Up 157 Points,0.0
754,Stocks - Wall Street Opens Lower on Massive Bank Write-Offs; Dow Down 50,0.0
755,U.S. stocks higher at close of trade; Dow Jones Industrial Average up 2.13%,0.0
756,Virus worries and FOMO drive options bets on surging tech giants,0.0
757,"Wells Fargo&Co Earnings, Revenue Miss in Q2",0.0
758,"Bank of NY Mellon Earnings, Revenue Beat in Q2",0.0
759,"Dow Eases From Highs, but Positive Vaccine News Keeps Reopening Trade Alive",0.0
760,Dow Notches 4-Day Winning Streak on Positive Vaccine News,0.0
761,"PNC Financial Earnings, Revenue Miss in Q2",0.0
762,"Progressive Earnings, Revenue Beat in Q2",0.0
763,"Stocks - Wall Street Surges at Opening on Vaccine Hopes, Goldman Bea",0.0
764,Stocks TD9 Sell Sign Flashes Yet Bitcoin Traders Expect Higher Price,0.0
765,U.S. stocks higher at close of trade; Dow Jones Industrial Average up 0.85%,0.0
766,"US Bancorp Earnings, Revenue Beat in Q2",0.0
767,"Abbott Labs Earnings, Revenue Beat in Q2",0.0
768,"Bank of America Earnings, Revenue Beat in Q2",0.0
769,"Charles Schwab Earnings Beat, Revenue Misses In Q2",0.0
770,Dow Shrugs Off Bullish Earnings as Tech Falters,0.0
771,Dow Snaps 4-Day Win Streak as Tech Stumble Offsets Upbeat Earnings,0.0
772,"JB Hunt Earnings, Revenue Beat in Q2",0.0
773,"Netflix Slumps as Q2 Earnings Miss, Weaker Q3 Subscriber Growth Forecas",0.0
774,Stocks - U.S. Futures Lower on China Tensions; Dow Futures Down 143 Pts,0.0
775,Stocks - Wall Street Lower as Jobs Recovery Loses Steam; Dow Down 77 Pts,0.0
776,U.S. passive stock funds back in demand as investors seek steadier returns,0.0
777,U.S. stocks lower at close of trade; Dow Jones Industrial Average down 0.50%,0.0
778,"Wall Street ends lower on COVID-19 worries, tech weighs",0.0
779,"BlackRock Earnings, Revenue Beat in Q2",0.0
780,Dow Notches 3-Week Winning Streak Despite Stutter on Tech,0.0
781,"Dow Sidesteps Netflix Wobble as Utilities, Healthcare Step Up",0.0
782,Stocks - U.S. Futures Higher as Blackrock Helps; Dow Futures up 81 Pts,0.0
783,Stocks - Wall Street Open Modestly Higher as Virus Toll Dampens Mood,0.0
784,U.S. stocks mixed at close of trade; Dow Jones Industrial Average down 0.23%,0.0
785,Economic Calendar - Top 5 Things to Watch This Week,0.0
786,"Cadence Design Earnings, Revenue Beat in Q2",0.0
787,Dow Off Lows as Bulls Load Up on Tech Amid Vaccine Optimism,0.0
788,"IBM Earnings, Revenue Beat in Q2 on Rising Cloud Demand",0.0
789,Nasdaq Hits Record High as Amazon Leads Tech to Glory,0.0
790,Stocks - Wall Street Opens Mixed as Oil Deals Catch Eye,0.0
791,Tech shares lead Wall Street higher as potential vaccines show promise,0.0
792,U.S. stocks higher at close of trade; Dow Jones Industrial Average up 0.03%,0.0
793,"Coca-Cola Earnings Beat, Revenue Misses In Q2",0.0
794,"Dow Flirts With 27,000 Level as Earnings Delight Feeds Bullish Bets",0.0
795,Dow Gives up Some Gains as Worries Over Stimulus Sours Sentimen,0.0
796,Global presence an advantage as U.S. companies brace for second-half slump,0.0
797,"Lockheed Martin Earnings, Revenue Beat in Q2",0.0
798,Nasdaq earnings expected to benefit from tech rally,0.0
799,"Philip Morris Earnings, Revenue Beat in Q2",0.0
800,"S&P 500, Dow rise on optimism over earnings reports, stimulus",0.23403049994006117
801,"Stocks - U.S. Futures Higher, Helped by IBM; Dow Futures Up 159 Pts",0.0
802,Stocks - Wall Street Opens Higher on Tech Frenzy; Dow up 200 Pts,0.0
803,Tesla's Musk qualifies for $2.1 billion payday,0.0
804,U.S. stocks mixed at close of trade; Dow Jones Industrial Average up 0.60%,0.0
805,"United Airlines Holdings Earnings Miss, Revenue Beats In Q2",0.0
806,"Align Earnings Miss, Revenue Beats In Q2",0.0
807,Dow Clings to Gains as Defensive Stocks Lead Amid Rising US-China Tensions,0.0
808,"Stocks - Wall Street Opens Flat on China, Stimulus Reports; Dow up 13 Pts",0.0
809,Tesla extends rally as traders bet on potential S&P 500 entry,0.22017695653764313
810,Tesla Rolls Out Blowout Earnings in Q2; Shares Surge,0.0
811,"Tesla's profit sets up S&P 500 entry, while Musk pushes for growth",0.17914975944294215
812,"Thermo Fisher Scientific Earnings, Revenue Beat in Q2",0.0
813,U.S. stocks higher at close of trade; Dow Jones Industrial Average up 0.62%,0.0
814,"Wall Street ends choppy session higher on mixed earnings, U.S. stimulus debate",0.0
815,Wall Street Rallies Into Close as Bulls Find Their Feet on Tech Comeback,0.0
816,AT&T Q2 Earnings Fall Less Than Feared as Virus Hits Ad Spending,0.0
817,"Citrix Systems Earnings, Revenue Beat in Q2",0.0
818,"Danaher Earnings, Revenue Beat in Q2",0.0
819,Dow Sees Red as Big Tech Struggles; Jump in Jobless Claims Sparks Worry,0.0
820,Nasdaq Suffers Worst Day in a Month as Big Tech Stumbles,0.0
821,S&P 500 set to snap winning streak as labor market rebound slows,0.21944208765988288
822,"Stocks - U.S. Futures Higher, Tesla Helps; Dow Futures Up 105 Pts",0.0
823,Stocks - Wall Street Opens Lower as Jobless Claims Rise for 1st Time Since April,0.0
824,"Twitter Inc Earnings, Revenue Miss in Q2",0.0
825,U.S. stocks lower at close of trade; Dow Jones Industrial Average down 1.31%,0.0
826,"Union Pacific Earnings Beat, Revenue Misses In Q2",0.0
827,"American Express Earnings Beat, Revenue Misses In Q2",0.0
828,"Honeywell Earnings, Revenue Beat in Q2",0.0
829,"NextEra Energy Earnings Beat, Revenue Misses In Q2",0.0
830,S&P 500 Snaps 3-Week Winning Streak as Big Tech Runs Out of Steam,0.2110330622175663
831,Stocks - Selling Continues as Wall Street Opens; Dow Down 180 Pts,0.0
832,"Stocks - U.S. Futures Lower as China, Intel Weigh; Dow Futures Down 78 Pts",0.0
833,U.S. stocks lower at close of trade; Dow Jones Industrial Average down 0.68%,0.0
834,"Verizon Earnings, Revenue Beat in Q2",0.0
835,"Wall Street closes lower as Intel dives, earnings and pandemic weigh",0.0
836,Wall Street Stutters as Tech's Stumble Keeps Bulls Sidelined,0.0
837,Economic Calendar - Top 5 Things to Watch This Week,0.0
838,Dow Ends Higher as Big Tech Delivers Boost Ahead of Earnings,0.0
839,Dow Higher as Boeing Stems Weakness; Big Tech Jumps,0.0
840,Fed meeting expected to leave U.S. bond-stock relationship out of whack,0.0
841,"Stocks - Wall Street Opens Mixed, Waiting on Policy; Dow Down 14 Pts",0.0
842,U.S. drugmaker earnings heat up this week with spotlight on vaccine news,0.0
843,U.S. stocks higher at close of trade; Dow Jones Industrial Average up 0.43%,0.0
844,"Wall Street rises as investors watch stimulus, pandemic and earnings",0.0
845,"Altria Earnings Beat, Revenue Misses In Q2",0.0
846,"Dow Sees Late Selling on Mixed Earnings, Downbeat Consumer",0.0
847,Dow Trickles Lower as Earnings Deluge Fails to Delight Bulls,0.0
848,"Gold hits a high, more precious as dollar loses value",0.0
849,"Maxim Earnings, Revenue Beat in Q4",0.0
850,McDonald’s 2Q Earnings Miss With Overseas Sales Hit by Covid Closures,0.0
851,U.S. stocks lower at close of trade; Dow Jones Industrial Average down 0.77%,0.0
852,Wall St. pauses as pandemic hurts consumer confidence and earnings; stimulus underwhelms,0.0
853,"ADP Earnings, Revenue Beat in Q4",0.0
854,"Anthem Earnings Beat, Revenue Misses In Q2",0.0
855,Bitcoin Is a Better Hedge Against USD Than Gold,0.0
856,"Cerner Earnings Beat, Revenue Misses In Q2",0.0
857,"Crown Castle Earnings Miss, Revenue Inline In Q2",0.0
858,Dow Inches Higher as Fed Keeps Rates Steady; Big Tech in Political Hot Sea,0.0
859,Dow Jumps as Powell Says Fed 'Not Even Thinking' About Raising Rates,0.0
860,European shares edge up but investors cautious ahead of Fed meeting,0.0
861,"General Electric Earnings Miss, Revenue Beats In Q2",0.0
862,"Hologic Earnings, Revenue Beat in Q3",0.0
863,"Lam Research Earnings, Revenue Beat in Q4",0.0
864,"O’Reilly Automotive Earnings, Revenue Beat in Q2",0.0
865,"Qualcomm Jumps as Earnings Beat, Chip Rebound Ahead",0.0
866,U.S. stocks higher at close of trade; Dow Jones Industrial Average up 0.61%,0.0
867,Wall St. closes higher after Fed vows more support for the virus-battered economy,0.0
868,"Alphabet A Earnings, Revenue Beat in Q2",0.0
869,"American Tower Earnings, Revenue Miss in Q2",0.0
870,Big Tech results move center stage after Congressional bruising,0.0
871,"ConocoPhillips Earnings, Revenue Miss in Q2",0.0
872,Dow Cuts Some Losses as Big Tech Rises Ahead of 'Seminal Night' of Earnings,0.0
873,Dow Ends Above Session Lows as Big Tech Holds Firm,0.0
874,"Electronic Arts Earnings, Revenue Beat in Q1",0.0
875,"Eli Lilly Earnings Beat, Revenue Misses In Q2",0.0
876,Global stocks fall as Fed's pledge relief rally fades,0.0
877,"Kraft Heinz Earnings, Revenue Beat in Q2",0.0
878,Mastercard Earnings Q2 Fell 30% as Virus Hammers Travel Spending,0.0
879,"Moodys Earnings, Revenue Beat in Q2",0.0
880,"Northrop Grumman Earnings, Revenue Beat in Q2",0.0
881,"S&P dips on grim data; U.S. election uncertainty, earnings",0.2108132799229443
882,"Southern Earnings Beat, Revenue Misses In Q2",0.0
883,Stocks - Europe Seen Mixed; Fed Helps But Auto Sector Suffers,0.0
884,Stocks - Wall Street Opens Lower After Historic GDP Drop; Dow Down 480 Pts,0.0
885,"Stryker Earnings, Revenue Beat in Q2",0.0
886,U.S. stocks mixed at close of trade; Dow Jones Industrial Average down 0.85%,0.0
887,"United Parcel Service Earnings, Revenue Beat in Q2",0.0
888,"Xilinx Earnings, Revenue Beat in Q1",0.0
889,"Yum! Brands Earnings, Revenue Beat in Q2",0.0
890,"AbbVie Earnings, Revenue Beat in Q2",0.0
891,"Caterpillar Earnings, Revenue Beat in Q2",0.0
892,"Dow, Nasdaq Stage Late Rally on Big Tech Profi",0.0
893,"European shares rebound from lows, euro set for best month in a decade",0.0
894,"IDEXX Labs Earnings, Revenue Beat in Q2",0.0
895,"Illinois Tool Works Earnings, Revenue Beat in Q2",0.0
896,"Merck&Co Earnings, Revenue Beat in Q2",0.0
897,Outlook for U.S. value stocks uncertain with cloudy economic picture,0.0
898,U.S. stocks higher at close of trade; Dow Jones Industrial Average up 0.44%,0.0
899,Dow Gains as Big Tech Continues Reign; Microsoft Jumps on TikTok Talks,0.0
900,"Dow Jumps 200 Points on Strong Earnings, Led by Big Tech",0.0
901,"Marathon Petroleum Earnings Beat, Revenue Misses In Q2",0.0
902,Nasdaq ends at record high as traders eye M&A and stimulus,0.0
903,Nasdaq Races to Record High as Big Tech Reigns Supreme,0.0
904,"Top 5 Things to Know in the Market on Monday, August 3rd",0.0
905,U.S. stocks higher at close of trade; Dow Jones Industrial Average up 0.89%,0.0
906,Dow Opens Slightly Lower as U.S.-China Tensions Over TikTok Grow,0.0
907,"Dow Rises, but Stimulus Worries Weigh",0.0
908,Nasdaq Bags Another Record High as Big Tech Cuts Losses Into Close,0.0
909,Stocks - U.S. Futures Point to Slightly Lower Open; Dow Futures Dip 47 Points,0.0
910,U.S. stocks higher at close of trade; Dow Jones Industrial Average up 0.62%,0.0
911,Wall St. ends higher as investors eye stimulus,0.0
912,"CVS Health Corp Earnings, Revenue Beat in Q2",0.0
913,Disney's wonderful world helps lift Wall Stree,0.0
914,Dow Jumps as Lawmakers Step Up Efforts to Get Stimulus Bill Over the Line,0.0
915,"Gold shines on falling dollar, yields; global stimulus supports shares",0.0
916,"Regeneron Pharma Earnings, Revenue Beat in Q2",0.0
917,U.S. stocks higher at close of trade; Dow Jones Industrial Average up 1.39%,0.0
918,"Wall Street Rallies as Bulls Feast on Stimulus, Vaccine Optimism",0.0
919,"Western Digital Earnings Beat, Revenue Misses In Q4",0.0
920,"American Electric Power Earnings Beat, Revenue Misses In Q2",0.0
921,"Becton Dickinson Earnings Beat, Revenue Misses In Q3",0.0
922,"Dow Higher as Tech Reigns Supreme, but Slow Stimulus Progress Weighs",0.0
923,"EOG Resources Earnings, Revenue Miss in Q2",0.0
924,"Illumina Earnings, Revenue Miss in Q2",0.0
925,Nasdaq Closes Above 11K for First Time Ever as Tech Soars,0.0
926,Stocks - U.S. Futures Lower Ahead of Claims; Dow Futures Down 70 Pts,0.0
927,Stocks - Wall Street Opens Mixed as Jobless Data Fail to Inspire,0.0
928,"T-Mobile US Earnings Miss, Revenue Beats In Q2",0.0
929,U.S. stocks higher at close of trade; Dow Jones Industrial Average up 0.68%,0.0
930,"Wall Street gains as markets look to aid package, Nasdaq closes above 11,000",0.0
931,'Bull everything' rally leaves investors wondering what to own,0.0
932,Bullish Bitcoin Price Trend Intact Even After BTC Retests $11.4K Suppor,0.0
933,Dow Ends Week Higher as Traders Overlook Lack of Deal Making on Capitol Hill,0.0
934,Dow Trades Sideways Amid Stalling Stimulus Progress,0.0
935,S&P 500 Near Record Sets Stage for ‘Critical’ U.S. Jobs Repor,0.20563431143408767
936,"U.S. job growth decelerates in July, casts shadow on recovery's strength",0.0
937,U.S. stocks mixed at close of trade; Dow Jones Industrial Average up 0.17%,0.0
938,"Wall St. retreats on slowing jobs growth, U.S.-China friction",0.0
939,World stocks end four-day winning streak as U.S.-China tensions grow,0.0
940,Bullish Bitcoin Price Trend Intact Even After BTC Retests $11.4K Suppor,0.0
941,"Berkshire Hathaway B Earnings, Revenue Miss in Q2",0.0
942,Dollar off two-year low as investors await U.S. stimulus talks,0.0
943,"Dow Climbs as Energy Steps Up, Tech Pares Losses",0.0
944,"Dow Rallies as Bulls Find Value in Energy, Industrials; Virus Spread Slows",0.0
945,"Duke Energy Earnings Beat, Revenue Misses In Q2",0.0
946,U.S. stocks mixed at close of trade; Dow Jones Industrial Average up 1.30%,0.0
947,S&P 500 in U-Turn as Tech Moves Deeper Into Red Amid Stimulus Stalemate,0.20257319563120052
948,S&P 500 in Ugly Reversal as Tech Wreck Dashes Path to Record High,0.21512524865079996
949,S&P 500 nears record high on stimulus bets,0.312159403919007
950,Tesla sets 5-1 stock split and its high-flying stock soars again,0.0
951,U.S. stocks lower at close of trade; Dow Jones Industrial Average down 0.38%,0.0
952,"World stocks rise, markets bet on U.S. Congress stimulus deal",0.0
953,S&P 500 Ends a Hair Below All Time Highs as Tech Marches On,0.23601141910226578
954,S&P 500 Flirts With Record High as Big Tech Flexes Muscle,0.20543162808760357
955,S&P 500 inches toward record high on tech boos,0.25239617150148147
956,Stocks - U.S. Futures Higher on Stimulus Hopes; Dow Futures Up 250 Pts,0.0
957,Stocks - Wall Street Opens Higher as CPI Points to Rebound; Dow up 260 Points,0.0
958,"Tesla woos retail investors with stock split, shares rise",0.0
959,U.S. consumer prices push higher; high unemployment likely to keep lid on inflation,0.0
960,U.S. stocks higher at close of trade; Dow Jones Industrial Average up 1.05%,0.0
961,Groggy Europe keeps stocks shy of record highs,0.0
962,S&P 500 ends down slightly after flirting with record levels again,0.208321709403959
963,S&P 500 Hobbles to Negative Close as Bulls Made to Wait for Record High,0.21060482734451036
964,S&P 500 Push for Record Close Falters as Big Tech Gives Up Some Gains,0.22190679409057695
965,Stocks - Wall Street Opens Mixed As Jobless Claims Hit 5-Mo Low; Dow Down  21 Pts,0.0
966,U.S. stocks mixed at close of trade; Dow Jones Industrial Average down 0.29%,0.0
967,A faltering U.S.-China trade deal is now the nations' strongest link,0.0
968,Dow Ends Slightly Higher After Market Wavers on Uncertainty,0.0
969,"Goldman Sees Room for S&P to Surpass 3,600",0.21981792831698904
970,"S&P 500 trading near flat, lingering below record highs",0.2377262996512296
971,Stocks Open Mixed After Retail Sales Slowed; Dow Down 122,0.0
972,U.S. stocks mixed at close of trade; Dow Jones Industrial Average up 0.12%,0.0
973,Stocks - U.S. Futures Higher Ahead of Retail Week; Dow Futures Up 70 Pts,0.0
974,Stocks - Wall Street Opens Higher on House Price Surge; Dow up 36 Pts,0.0
975,U.S. stocks mixed at close of trade; Dow Jones Industrial Average down 0.31%,0.0
976,Investor Jim Rogers Warned of the ‘Worst Economic Downturn’ of His Lifetime,0.0
977,Say goodbye to the shortest bear market in S&P 500 history,0.21778725054033377
978,Stocks - U.S. Futures Higher; Retail Giants Boost Confidence,0.0
979,TD Ameritrade trading platform thinkorswim hit by systems glitch,0.0
980,U.S. housing starts surge in July in rare pandemic bright spo,0.0
981,U.S. stocks mixed at close of trade; Dow Jones Industrial Average down 0.24%,0.0
982,Wall Street Turns Negative After Strong Housing Data; Dow Falls  111 Pts,0.0
983,"Walmart Earnings, Revenue Beat in Q2",0.0
984,"Nvidia Earnings, Revenue Beat in Q2 on Data Center Growth",0.0
985,S&P 500 Closes Lower After Hitting Record High,0.2911428891106964
986,S&P Retreats From Record High as  Fed Flags Virus' Impact on Businesses,0.20095496587629008
987,Stocks - U.S. Futures Higher Ahead of Fed Minutes; Dow Futures Up 56 Pts,0.0
988,"Stocks - Wall Street Opens Mixed as Target, Lowe's Surge; Dow up 30 Pts",0.0
989,"Synopsys Earnings, Revenue Beat in Q3",0.0
990,"TJX Earnings Miss, Revenue Beats In Q2",0.0
991,U.S. stocks lower at close of trade; Dow Jones Industrial Average down 0.31%,0.0
992,Dow Ekes Out Win as Big Tech Sidesteps Economic Jitters,0.0
993,Dow Off Session Lows as Tech Continues to Flex Muscle,0.0
994,"Estee Lauder Earnings Miss, Revenue Beats In Q4",0.0
995,Fear fading on Wall Street as investors learn to love the new bull marke,0.0
996,Stocks - U.S. Futures Lower Ahead of Jobless Claims; Dow Futures Down 85 Pts,0.0
997,Stocks - Wall Street Opens Lower on Jobless Rise; Dow Down 75 Pts,0.0
998,"Tesla's soaring stock cracks $2,000 ahead of share spli",0.0
999,U.S. stocks higher at close of trade; Dow Jones Industrial Average up 0.17%,0.0
1000,Dow Advances on Apple-Infused Rally Amid Signs of Growing iPhone 12 Demand,0.0
1001,"S&P 500, Nasdaq end at records after upbeat business surveys",0.20837695141404694
1002,S&P Rides Apple's Surge to Record High as Tech Melt Up Continues,0.22171460636591733
1003,Stocks - Wall Street Opens Mixed as Rally Runs out of Steam,0.0
1004,U.S. stocks higher at close of trade; Dow Jones Industrial Average up 0.69%,0.0
1005,US Futures Drift Lower; Dow Futures Drop 37 Pts,0.0
1006,Economic Calendar - Top 5 Things to Watch This Week,0.0
1007,S&P Hits Record as Positive Virus News Fuels Bets on Pandemic Stocks,0.21800045574069798
1008,"S&P, Nasdaq Sling to Record as Upbeat Virus News Keeps Bulls Marching",0.13742692495360306
1009,U.S. stocks higher at close of trade; Dow Jones Industrial Average up 1.35%,0.0
1010,Wall Street Opens Higher as Virus Cases Drop; Dow up 150 Pts,0.0
1011,"DAX Futures Climb, Helped by GDP Revision, China U.S. Trade Talks",0.0
1012,Dow Futures Rise 185 Pts Following  Sino-U.S. Trade Talks,0.0
1013,"Medtronic Earnings, Revenue Beat in Q1",0.0
1014,"S&P 500, Nasdaq Close at Record Highs Again as Traders Cling to Tech",0.24239325790273872
1015,Salesforce Delivers Blowout Earnings; Shares Surge,0.0
1016,U.S. Stock Market Bulls From UBS to BofA See More Gains Ahead,0.0
1017,U.S. stocks mixed at close of trade; Dow Jones Industrial Average down 0.21%,0.0
1018,"Wall Street Off Lows, but Consumer Wobble Limits Bullish Bets",0.0
1019,"Wall Street Opens Flat, Paring Gains as Hurricane Threatens Gulf",0.0
1020,European Stocks Mixed; Investors Wait for Powell Speech,0.0
1021,"Gold Has 1st Big Bounce in Week, Awaits Fed Chair’s Speech",0.0
1022,"S&P 500, Nasdaq Storm to Record on FAANG, Salesforce Buying Frenzy",0.18509517988898855
1023,"S&P, Nasdaq Hit All-Time Highs as Salesforce Surge Leads Tech Show",0.12854458562000437
1024,Stock Futures Largely Unchanged; Powell Speech Key,0.0
1025,U.S. stocks higher at close of trade; Dow Jones Industrial Average up 0.30%,0.0
1026,"Wall Street Opens Mostly Higher, Nervously Eying Fed",0.0
1027,Dow Futures Fall 80 Points Ahead of Powell Speech,0.0
1028,Dow Gets Boost From Banks as Yields Jump on Fed's Inflation Focus,0.0
1029,Dow Jumps on Bets Low Rates to Persis,0.0
1030,"European shares fall, dollar edges up, investors wait for dovish Fed hints",0.0
1031,Gap Finally Makes a Comeback in Q2 on Strong Online Sales,0.0
1032,Gold Swings as Fed Pitches Inflation Overshoot Without Asset Buy Promise,0.0
1033,U.S. stocks mixed at close of trade; Dow Jones Industrial Average up 0.57%,0.0
1034,Wall Street Loses Steam as Tech Stocks Head South,0.0
1035,Dow Jones Futures Rise 123 Pts; Powell Helps Optimism,0.0
1036,"S&P, Nasdaq Flirt With Record Highs as Tech, Energy Advance",0.13748257431711086
1037,"S&P, Nasdaq Record Run Continues as Tech Stalwarts Shine",0.14726080377138204
1038,U.S. stocks higher at close of trade; Dow Jones Industrial Average up 0.57%,0.0
1039,Wall Street's 'fear gauge' climbs despite U.S. stock rally,0.0
1040,Economic Calendar - Top 5 Things to Watch This Week,0.0
1041,"Dow Closes Low, But Notches Best August Since 1984",0.0
1042,Dow Futures Rise as August Draws to  Close,0.0
1043,"Dow Stumbles as Energy Stocks Sag, but Set for Best August Since 1984",0.0
1044,U.S. stocks mixed at close of trade; Dow Jones Industrial Average down 0.78%,0.0
1045,"Wall Street Opens Mixed as Apple, Tesla Trade Post-Split; Dow Down 180 Pts",0.0
1046,"Dow Rises Modestly, Tech Domination Continues as Zoom Video Zooms Higher",0.0
1047,"European Stocks Seen Largely Higher, Helped by Chinese Recovery",0.0
1048,"S&P, Nasdaq Hit Records on Signs of Recovery, Tech Rally",0.1537737163799644
1049,Stock Futures Higher; Zoom Soars After Blowout Quarter,0.0
1050,U.S. stocks higher at close of trade; Dow Jones Industrial Average up 0.76%,0.0
1051,Wall Street Opens Mixed as Tesla Stock Offering Hits Marke,0.0
1052,Dow Closes Above 29K for First Time Since Feb. as Utilities Power Rally,0.0
1053,Dow Futures Rise 190 Pts Ahead of ADP Jobs Data,0.0
1054,Dow Rides Rally as Defensive Names Shine on Private Jobs Wobble,0.0
1055,U.S. stocks higher at close of trade; Dow Jones Industrial Average up 1.59%,0.0
1056,"Wall Street Moves Higher, Shrugging off ADP Disappointmen",0.0
1057,Dow in Biggest Slump Since June as Tech Bulls Scatter on Volatility Spike,0.0
1058,Dow Plunges on Tech Wreck as Volatility Strikes Back,0.0
1059,Gold Dips Again as Dollar Surprisingly Becomes  'Haven of Choice',0.0
1060,"Stock Futures Lower, Consolidating Ahead of Claims Data",0.0
1061,U.S. stocks lower at close of trade; Dow Jones Industrial Average down 2.78%,0.0
1062,Wall Street Lower as Profit-Taking Hits Tech; Dow Falls 358 Pts,0.0
1063,Dow Cuts Losses as Apple Rebound Helps Tech Stem Bleed,0.0
1064,Dow Futures Up 83 Pts Ahead of Payrolls; Tech Stocks Weak,0.0
1065,European Stocks Edge Higher; Bank Consolidation Talk Helps,0.0
1066,European Stocks Seen Mostly Lower; U.S. Payrolls Eyed,0.0
1067,S&P Snaps 5-Week Win as Tech Bulls Go Awol,0.23944178709453276
1068,SoftBank option purchases raise eyebrows as Wall Street backtracks,0.0
1069,U.S. stocks lower at close of trade; Dow Jones Industrial Average down 0.56%,0.0
1070,Wall Street Whipsaws in Early Trade as Rebound Prompts Fresh Tech Selling,0.0
1071,"Top 5 Things to Know in the Market on Monday, September 7th",0.0
1072,U.S. Stocks Could Fall Further With ‘Three-Day Rule’ in Play,0.0
1073,"Dow Slumps as Apple, Tesla Trigger Tech Sell-off",0.0
1074,Nasdaq Nosedives Into Correction as Bears Sharpen Claws on Tech Wreck,0.0
1075,Tech Stocks Sell Off Further as Wall Street Opens; Nasdaq Falls 255 Points,0.0
1076,Dow Racks Up Gains as Tech Bulls Fight Back,0.0
1077,European Stocks Higher; Investors Look to The ECB,0.0
1078,European Stocks Seen Lower; U.S. Tech Rout Weighs,0.0
1079,Nasdaq Futures Up 160 Pts; Tech Sector Rebounds,0.0
1080,Nasdaq Notches Best Day Since April as Bears Flee on Tech Rebound,0.0
1081,"Shares shrug off U.S. tech sell-off, vaccine trial hal",0.0
1082,Tesla shares bounce after record plunge,0.0
1083,Wall Street Opens Higher as Nasdaq Bounces After Rou,0.0
1084,"Dow Down 400+ Points as Bears Target Tech, Energy; Stimulus Hopes Fade",0.0
1085,Dow Falls as Stimulus Stalemate Triggers Selloff; Tech Turns Ugly,0.0
1086,European Stocks Lower Ahead of ECB Meeting,0.0
1087,European Stocks Mostly Higher; ECB Looms Into View,0.0
1088,Future Tesla S&P 500 inclusion may lead to Bitcoin price rally — Analysts,0.18638314566309752
1089,"Oracle Earnings, Revenue Beat in Q1; Shares Surge",0.0
1090,Stock Futures Seen Lower Ahead of Initial Claims Data,0.0
1091,Wall Street Turns Negative as Apple Drops; Dow Down 185 Pts,0.0
1092,"Dow Higher as Tech Eases From Lows, Cyclicals Shine",0.0
1093,Equity market turmoil seen unlikely to provoke rapid Fed response,0.0
1094,Gold Up on Week but Snaps 3-Day “Mini Rally”,0.0
1095,"Oil Sinks into Red for 2nd Week Amid Stockpile, Demand Worry ",0.0
1096,Shares struggle to shake off bearish mood,0.0
1097,Stocks Edge Highee as Goldman Turns Optimistic; Dow Futures up 200 Pts,0.0
1098,Wall Street Higher as Cyclicals Step Up Amid Tech Wreck,0.0
1099,Wall Street's Early Gains Lose Steam in Choppy Trading,0.0
1100,Economic Calendar - Top 5 Things to Watch This Week,0.0
1101,Energy & Precious Metals - Weekly Review and Calendar Ahead,0.0
1102,Dow Rallies on Positive Vaccine News; Tech Jumps,0.0
1103,Dow Rides Tech Higher on Deal Activity,0.0
1104,Gold Gets Early Ride up Ahead of Fed as Dollar Slides,0.0
1105,Nasdaq Futures Rise 173 Pts; Nvidia Deal Helps,0.0
1106,"Stocks Open Higher on Vaccine Optimism, M&A Fever; Dow up 335 Points",0.0
1107,Tesla investors should be watching for M&A for S&P inclusion,0.19721563175790224
1108,U.S. stocks higher at close of trade; Dow Jones Industrial Average up 1.18%,0.0
1109,Vaccine hopes boost world share markets,0.0
1110,Dow Cuts Gains as Financials Falter; Apple Cuts Gains,0.0
1111,Dow Ends Flat as Financials Wobble Ahead of Fed; Tech Advances,0.0
1112,Dow Futures Rise 180 Pts; Fed Meeting in Focus,0.0
1113,FedEx Delivers Earnings Beat in Q1 as Pandemic Boosts Demand; Shares Jump,0.0
1114,U.S. stocks higher at close of trade; Dow Jones Industrial Average up 0.01%,0.0
1115,Wall Street Opens Higher Lifted by Tech IPO Buzz;  Dow up 125 Pts,0.0
1116,Dow Cuts Some Gains as Tech Stumbles to Offset Fed-Infused Gains,0.0
1117,Dow Eases From Highs as Tech's Dive Reins in Bulls,0.0
1118,U.S. Markets Jump Ahead of Fed Amid Slowing Retail Sales,0.0
1119,U.S. stocks mixed at close of trade; Dow Jones Industrial Average up 0.13%,0.0
1120,Dow Off Lows but Under Pressure as Tech Bloodbath Continues,0.0
1121,"Dow Trims Losses  Into Close, but Tech Selloff Continues",0.0
1122,U.S. stocks lower at close of trade; Dow Jones Industrial Average down 0.47%,0.0
1123,Wall Street Opens Sharply Lower on Fed Gloom; Dow Down 350 Points,0.0
1124,'Nasdaq whale' closes more large options trades,0.0
1125,Dow Slips on Big Tech Wobble; Financials Cut Gains,0.0
1126,"Indexes end lower, Nasdaq, S&P 500 post third week of declines",0.20509052850130724
1127,Nasdaq Futures Rise 50 Pts; Tik Tok Saga Continues,0.0
1128,"S&P, Nasdaq in Third Weekly Loss as Tech Bulls Bail",0.15765562571950514
1129,Stock Traders Brace for Quadruple Witching Amid Options Anxiety,0.0
1130,U.S. stocks lower at close of trade; Dow Jones Industrial Average down 0.88%,0.0
1131,"Beyond Meat to sell plant-based sausage patty in 5,000 more U.S. stores",0.0
1132,Dow Ends Off Lows as Apple Sparks Tech Comeback,0.0
1133,Dow Futures Slump 535 Pts; Bank Stocks Weaken,0.0
1134,"Dow in Bloodbath as Stimulus Hopes Fade, U.S.-China Tensions Rise",0.0
1135,Tesla traders bet on Musk battery pitch to spark rally,0.0
1136,U.S. stocks lower at close of trade; Dow Jones Industrial Average down 1.84%,0.0
1137,Wall Street Slides Again at Opening; Dow Down 550 Points,0.0
1138,Dividend futures suggest a decade of doldrums. Many disagree,0.0
1139,Dow Ends Higher as Tech Strength Rescues Bulls,0.0
1140,Dow Struggles for Direction as Feeble Financials Weigh,0.0
1141,Latest U.S. Stock Slide Has a Silver Lining for Some Strategists,0.0
1142,Nike Jumps on Blowout Q1 Earnings Amid Direct to Consumer Push,0.0
1143,U.S. Futures Edge Higher Ahead of Powell Testimony,0.0
1144,U.S. stocks higher at close of trade; Dow Jones Industrial Average up 0.52%,0.0
1145,"Wall Street closes higher on Amazon boost, despite economic worries",0.0
1146,Wall Street Opens Higher in Cautious Bounce; Tesla Falls Nearly 5%,0.0
1147,'Active' fund managers beaten by benchmarks during COVID volatility,0.0
1148,"Cintas Earnings, Revenue Beat in Q1",0.0
1149,Dow Futures Rise 225 Pts; Nike Set to Shine,0.0
1150,Dow Sheds 525 Points as Tech Rout Rattles Bulls,0.0
1151,Dow Slumps as Tech Turns Ugly,0.0
1152,European Stocks Seen Higher Ahead of Key PMI Sentiment Data,0.0
1153,U.S. stocks lower at close of trade; Dow Jones Industrial Average down 1.92%,0.0
1154,Wall Street closes lower on fears of a slowing economy,0.0
1155,Wall Street Turns Lower on Downbeat Fed Comments; Nike Outperforms,0.0
1156,"Accenture Earnings Miss, Revenue Inline In Q4",0.0
1157,Dow Ends Slightly Higher as Wild Swings Weigh,0.0
1158,Dow in Choppy Trade as Tech Strength Cools,0.0
1159,European Stocks Seen Lower; Global Recovery Hopes Dim,0.0
1160,"Global shares slide, dollar up as hopes of economic recovery fade",0.0
1161,U.S. Futures Edge Lower; Powell in Spotligh,0.0
1162,U.S. stocks higher at close of trade; Dow Jones Industrial Average up 0.20%,0.0
1163,Wall Street closes up on tech rally despite mixed signs on economic rebound,0.0
1164,Wall Street Falls Again at Open on Economy Fears; Dow Down 195 Points,0.0
1165,Dow Higher on Tech Strength as Yo-Yo Trading Continues,0.0
1166,European Stocks Largely Weaken; Covid-19 Resurgence Weighs,0.0
1167,European Stocks Seen Higher; US Stimulus Talk Helps,0.0
1168,Nasdaq Snaps 3-Week Losing Streak as Apple Restores Tech Health,0.0
1169,Tech ETF outflows send a wake-up call after sizzling rally,0.0
1170,U.S. stocks higher at close of trade; Dow Jones Industrial Average up 1.34%,0.0
1171,Wall Street Drifts Lower Again as Durable Goods Orders Slow; Dow Down 135 Pts,0.0
1172,"Dow Jumps as Bulls Up Bets on Financials, Industrials",0.0
1173,"Dow Racks Up 410 Point Gain as Traders Bid Up Banks, Tech",0.0
1174,"Japan's little-known Nikkei 500 hits record high, outperforms U.S. S&P 500",0.1539784111578471
1175,"Wall Street jumps, financials take the lead",0.0
1176,Wall Street Opens Higher as Rebound Continues; Dow up 335 Points,0.0
1177,"Dow Ends Lower as Bulls Meet Resistance From Energy, Financials",0.0
1178,Dow Off Lows but Remains in Red as Weakness in Energy Halts Bulls,0.0
1179,"Micron Rolls Out Soft Guidance, But Earnings Beat in Q4 on Strong Memory Sales",0.0
1180,Wall Street Opens Flat Ahead of 1st Election Debate; Dow Down 61 Points,0.0
1181,Yen safety status at risk from pandemic-era global rates collapse,0.0
1182,Chaotic U.S. election debate fuels investors' fears of contested resul,0.0
1183,"Dollar outshining gold, beating yen in battle of safe havens",0.0
1184,Dow Cuts Gains on Stimulus Uncertainty as Mnuchin Says Talks to Continue,0.0
1185,"Dow Shrugs Off Stimulus Uncertainty to Close Higher, but Ends 5-Month Win Streak",0.0
1186,Dow Cuts Gains on Stimulus Stalemate; Tech Continues Bid,0.0
1187,Dow Cuts Gains on Stimulus Uncertainty as Mnuchin Says Talks to Continue,0.0
1188,"Dow Ekes Out Gain as Pelosi Rips White House Offer, Cooling Stimulus Hopes",0.0
1189,"Dow Shrugs Off Stimulus Uncertainty to Close Higher, but Ends 5-Month Win Streak",0.0
1190,U.S. stocks higher at close of trade; Dow Jones Industrial Average up 1.20%,0.0
1191,Wall Street Opens Higher on Stimulus Hopes; Dow up 220 Points,0.0
