ticker,zip,sector,fullTimeEmployees,longBusinessSummary,city,phone,state,country,companyOfficers,website,maxAge,address1,industry,previousClose,regularMarketOpen,twoHundredDayAverage,trailingAnnualDividendYield,payoutRatio,volume24Hr,regularMarketDayHigh,navPrice,averageDailyVolume10Day,totalAssets,regularMarketPreviousClose,fiftyDayAverage,trailingAnnualDividendRate,open,toCurrency,averageVolume10days,expireDate,yield,algorithm,dividendRate,exDividendDate,beta,circulatingSupply,startDate,regularMarketDayLow,priceHint,currency,trailingPE,regularMarketVolume,lastMarket,maxSupply,openInterest,marketCap,volumeAllCurrencies,strikePrice,averageVolume,priceToSalesTrailing12Months,dayLow,ask,ytdReturn,askSize,volume,fiftyTwoWeekHigh,forwardPE,fromCurrency,fiveYearAvgDividendYield,fiftyTwoWeekLow,bid,tradeable,dividendYield,bidSize,dayHigh,exchange,shortName,longName,exchangeTimezoneName,exchangeTimezoneShortName,isEsgPopulated,gmtOffSetMilliseconds,quoteType,symbol,messageBoardId,market,annualHoldingsTurnover,enterpriseToRevenue,beta3Year,profitMargins,enterpriseToEbitda,52WeekChange,morningStarRiskRating,forwardEps,revenueQuarterlyGrowth,sharesOutstanding,fundInceptionDate,annualReportExpenseRatio,bookValue,sharesShort,sharesPercentSharesOut,fundFamily,lastFiscalYearEnd,heldPercentInstitutions,netIncomeToCommon,trailingEps,lastDividendValue,SandP52WeekChange,priceToBook,heldPercentInsiders,nextFiscalYearEnd,mostRecentQuarter,shortRatio,sharesShortPreviousMonthDate,floatShares,enterpriseValue,threeYearAverageReturn,lastSplitDate,lastSplitFactor,legalType,lastDividendDate,morningStarOverallRating,earningsQuarterlyGrowth,dateShortInterest,pegRatio,lastCapGain,shortPercentOfFloat,sharesShortPriorMonth,category,fiveYearAverageReturn,regularMarketPrice,logo_url,fax,address2
AAPL,95014,Technology,137000,"Apple Inc. designs, manufactures, and markets smartphones, personal computers, tablets, wearables, and accessories worldwide. It also sells various related services. The company offers iPhone, a line of smartphones; Mac, a line of personal computers; iPad, a line of multi-purpose tablets; and wearables, home, and accessories comprising AirPods, Apple TV, Apple Watch, Beats products, HomePod, iPod touch, and other Apple-branded and third-party accessories. It also provides digital content stores and streaming services; AppleCare support services; and iCloud, a cloud service, which stores music, photos, contacts, calendars, mail, documents, and others. In addition, the company offers various service, such as Apple Arcade, a game subscription service; Apple Card, a co-branded credit card; Apple News+, a subscription news and magazine service; and Apple Pay, a cashless payment service, as well as licenses its intellectual property, and provides other related services. The company serves consumers, and small and mid-sized businesses; and the education, enterprise, and government markets. It sells and delivers third-party applications for its products through the App Store, Mac App Store, and Watch App Store. The company also sells its products through its retail and online stores, and direct sales force; and third-party cellular network carriers, wholesalers, retailers, and resellers. Apple Inc. has a collaboration with Google to develop COVID-19 tracking system for Android and iOS devices. Apple Inc. was founded in 1977 and is headquartered in Cupertino, California.",Cupertino,408-996-1010,CA,United States,[],http://www.apple.com,1,One Apple Park Way,Consumer Electronics,115.98,116.2,96.593185,0.0067425417,0.2373,,118.98,,160888014,,115.98,116.11514,0.782,116.2,,160888014,,,,0.82,1596758400,1.314396,,,115.63,2,USD,35.652306,124423728,,,,2009714786304,,,174072926,7.3385553,115.63,116.88,,1200,124423728,137.98,30.364342,,1.52,53.1525,0,False,0.0070999996,800,118.98,NMS,Apple Inc.,Apple Inc.,America/New_York,EDT,False,-14400000,EQUITY,AAPL,finmb_24937,us_market,,7.35,,0.21334,25.584,0.93288934,,3.87,,17102499840,,,4.218,88087882,0.0052,,1569628800,0.62115,58424000512,3.296,0.205,0.14598012,27.859177,0.00066,1632787200,1593216000,0.47,1598832000,17085262439,2012713189376,,1598832000,4:1,,1596758400,,0.12,1601424000,2.97,,0.0052,79684337,,,116.2,https://logo.clearbit.com/apple.com,,
AMGN,91320-1799,Healthcare,23400,"Amgen Inc. discovers, develops, manufactures, and delivers human therapeutics worldwide. It focuses on inflammation, oncology/hematology, bone health, cardiovascular disease, nephrology and neuroscience areas. The company's products include Enbrel to treat plaque psoriasis, rheumatoid arthritis, and psoriatic arthritis; Neulasta, a pegylated protein to treat cancer patients; Prolia to treat postmenopausal women with osteoporosis; Xgeva for skeletal-related events prevention; Aranesp to treat a lower-than-normal number of red blood cells and anemia; KYPROLIS to treat patients with relapsed or refractory multiple myeloma; Sensipar/Mimpara to treat secondary hyperparathyroidism; and EPOGEN to treat anemia caused by chronic kidney disease. It also markets other products in various markets, including Nplate, Vectibix, Repatha, Parsabiv, BLINCYTO, Aimovig, NEUPOGEN, Otezla, AMGEVITA, KANJINTI, EVENITY, IMLYGIC, MVASI, and Corlanor. Amgen Inc. serves healthcare providers, including physicians or their clinics, dialysis centers, hospitals, and pharmacies. It distributes its products through pharmaceutical wholesale distributors, as well as direct-to-consumer channels. The company has collaboration agreements with Novartis; UCB; Bayer HealthCare LLC; BeiGene, Ltd.; QIAGEN N.V.; Adaptive Biotechnologies; and Eli Lilly and Company. Amgen Inc. was founded in 1980 and is headquartered in Thousand Oaks, California.",Thousand Oaks,805 447 1000,CA,United States,[],http://www.amgen.com,1,One Amgen Center Drive,Drug Manufacturers—General,230.71,231.06,239.20311,0.02644012,0.498,,232.89,,2418785,,230.71,244.98457,6.1,231.06,,2418785,,,,6.4,1597363200,0.815223,,,229.36,2,USD,18.879177,1881051,,,,135353892864,,,2656503,5.5698895,229.36,0,,1100,1881051,264.97,13.6988735,,2.56,177.05,228.14,False,0.0277,800,232.89,NMS,Amgen Inc.,Amgen Inc.,America/New_York,EDT,False,-14400000,EQUITY,AMGN,finmb_24816,us_market,,6.508,,0.30036,13.055,0.13663185,,16.87,,585694016,,,18.177,6125745,0.0105,,1577750400,0.7893,7298999808,12.241,1.6,0.14598012,12.713869,0.0022200001,1640908800,1593475200,2.24,1598832000,584381821,158156832768,,943228800,2:1,,1597363200,,-0.173,1601424000,2.19,,0.0105,6204797,,,231.06,https://logo.clearbit.com/amgen.com,805 447 1010,
AXP,10285,Financial Services,64000,"American Express Company, together with its subsidiaries, provides charge and credit payment card products, and travel-related services worldwide. The company operates through three segments: Global Consumer Services Group, Global Commercial Services, and Global Merchant and Network Services. Its products and services include payment and financing products; network services; expense management products and services; and lifestyle services. The company's products and services also comprise merchant acquisition and processing, servicing and settlement, point-of-sale marketing, and information products and services for merchants; and fraud prevention services, as well as the design and operation of customer loyalty programs. It sells its products and services to consumers, small businesses, mid-sized companies, and large corporations through mobile and online applications, third-party vendors and business partners, direct mail, telephone, in-house sales teams, and direct response advertising. American Express Company was founded in 1850 and is headquartered in New York, New York.",New York,212-640-2000,NY,United States,[],http://www.americanexpress.com,1,200 Vesey Street,Credit Services,102.47,102.94,96.55189,0.0167854,0.3561,,104.61,,2757200,,102.47,102.71714,1.72,102.94,,2757200,,,,1.72,1602115200,1.126309,,,102.83,2,USD,21.213491,2834259,,,,83044311040,,,3868647,2.4239438,102.83,105.04,,1200,2834259,138.13,15.101025,,1.53,67,0,False,0.0168,1000,104.61,NYQ,American Express Company,American Express Company,America/New_York,EDT,False,-14400000,EQUITY,AXP,finmb_92001,us_market,,2.666,,0.11886,,-0.11460209,,6.83,,805161024,,,26.164,7635293,0.0095,,1577750400,0.87087995,3955000064,4.862,0.43,0.14598012,3.9420578,0.00101,1640908800,1593475200,1.67,1598832000,651504173,91349860352,,1128297600,10000:8753,,1602115200,,-0.854,1601424000,3.2,,0.0117,11081428,,,102.94,https://logo.clearbit.com/americanexpress.com,,
BA,60606-1596,Industrials,161100,"The Boeing Company, together with its subsidiaries, designs, develops, manufactures, sales, services, and supports commercial jetliners, military aircraft, satellites, missile defense, human space flight and launch systems, and services worldwide. The company operates through four segments: Commercial Airplanes; Defense, Space & Security; Global Services; and Boeing Capital. The Commercial Airplanes segment develops, produces, and markets commercial jet aircraft and provides fleet support services principally to the commercial airline industry. The Defense, Space & Security segment engages in the research, development, production, and modification of manned and unmanned military aircraft and weapons systems for strike, surveillance, and mobility, including fighter and trainer aircraft; vertical lift comprising rotorcraft and tilt-rotor aircraft; commercial derivative aircraft, such as anti-submarine and tanker aircraft; strategic defense and intelligence systems consisting of strategic missile and defense systems, cyber and information solutions, and intelligence systems, as well as command, control, communications, computers, intelligence, surveillance, and reconnaissance products; satellite systems, including government and commercial satellites, and space exploration. The Global Services segment offers various products and services comprising supply chain and logistics management, engineering, maintenance and modifications, upgrades and conversions, spare parts, pilot and maintenance training systems and services, technical and maintenance documents, and data analytics and digital services to commercial and defense customers. The Boeing Capital segment offers financing services and manages financing exposure for a portfolio of equipment under operating and finance leases, notes and other receivables, assets held for sale or re-lease, and investments. The Boeing Company was founded in 1916 and is based in Chicago, Illinois.",Chicago,312-544-2000,IL,United States,[],http://www.boeing.com,1,100 North Riverside Plaza,Aerospace & Defense,167.11,168.29,163.31898,0.036891866,,,169.29,,15959400,,167.11,163.94543,6.165,168.29,,15959400,,,,,1581552000,1.378378,,,166.18,2,USD,,12157321,,,,94398455808,,,25971853,1.4172666,166.18,0,,800,12157321,375.6,44.01053,,2.58,89,166.4,False,,900,169.29,NYQ,Boeing Company (The),The Boeing Company,America/New_York,EDT,False,-14400000,EQUITY,BA,finmb_370857,us_market,,1.855,,-0.042740002,-119.612,-0.50883996,,3.8,,564324992,,,-20.671,9722102,0.0172,,1577750400,0.66603994,-2847000064,-5.032,2.055,0.14598012,,0.00132,1640908800,1593475200,0.45,1598832000,532958143,123559026688,,865814400,2:1,,1581552000,,,1601424000,-1.38,,0.0172,9175717,,,168.29,https://logo.clearbit.com/boeing.com,,
CAT,60015,Industrials,102300,"Caterpillar Inc. manufactures and sells construction and mining equipment, diesel and natural gas engines, and industrial gas turbines. Its Construction Industries segment offers asphalt pavers, compactors, cold planers, feller bunchers, harvesters, motorgraders, pipelayers, road reclaimers, skidders, telehandlers, and utility vehicles; backhoe, knuckleboom, compact track, multi-terrain, skid steer, and track-type loaders; forestry and wheel excavators; and site prep and track-type tractors. The company's Resource Industries segment provides electric rope and hydraulic shovels, draglines, rotary drills, hard rock vehicles, track-type tractors, mining trucks, longwall miners, wheel loaders, off-highway and articulated trucks, wheel tractor scrapers, wheel dozers, landfill and soil compactors, machinery components, autonomous vehicles and solutions, select work tools, and hard rock continuous mining systems. Its Energy & Transportation segment offers reciprocating engine powered generator sets; reciprocating engines and integrated systems for the power generation, marine, oil, and gas industries; turbines, centrifugal gas compressors, and related services; remanufactured reciprocating engines and components; and diesel-electric locomotives and components, and other rail-related products. The company's Financial Products segment provides operating and finance leases, installment sale contracts, working capital loans, and wholesale financing; and insurance and risk management. Its All Other operating segment manufactures filters and fluids, undercarriage, ground engaging tools, fluid transfer products, precision seals, and rubber sealing and connecting components; parts distribution; integrated logistics solutions and distribution services; and digital investments services. The company was formerly known as Caterpillar Tractor Co. and changed its name to Caterpillar Inc. in 1986. The company was founded in 1925 and is headquartered in Deerfield, Illinois.",Deerfield,224-551-4000,IL,United States,[],http://www.caterpillar.com,1,510 Lake Cook Road,Farm & Heavy Construction Machinery,167.53,168.2,132.95253,0.02459261,0.55009997,,171.26,,3711242,,167.53,153.07086,4.12,168.2,,3711242,,,,4.12,1603411200,1.025923,,,167.91,2,USD,22.571123,2951544,,,,91509268480,,,3119553,1.9665034,167.91,172.14,,1100,2951544,171.26,23.18107,,2.99,87.5,168.69,False,0.024600001,3000,171.26,NYQ,"Caterpillar, Inc.",Caterpillar Inc.,America/New_York,EDT,False,-14400000,EQUITY,CAT,finmb_259378,us_market,,2.625,,0.08901,14.246,0.24863315,,7.29,,541507008,,,25.363,6756543,0.0125,,1577750400,0.70018,4142000128,7.487,1.03,0.14598012,6.662855,0.0018600001,1640908800,1593475200,1.91,1598832000,540428977,122171195392,,1121299200,2:1,,1594944000,,-0.717,1601424000,-9.96,,0.0125,6995198,,,168.2,https://logo.clearbit.com/caterpillar.com,,Suite 100
CRM,94105,Technology,54255,"salesforce.com, inc. develops enterprise cloud computing solutions with a focus on customer relationship management worldwide. The company offers Sales Cloud to store data, monitor leads and progress, forecast opportunities, and gain insights through analytics and relationship intelligence, as well as deliver quotes, contracts, and invoices. It also provides Service Cloud, which enables companies to deliver personalized customer service and support, as well as a field service solution that enables companies to connect agents, dispatchers, and mobile employees through a centralized platform, which helps to schedule and dispatch work, and track and manage jobs in real-time. In addition, the company offers Marketing Cloud to plan, personalize, and optimize one-to-one customer marketing interactions; and Commerce Cloud, which enables companies to enhance engagement, conversion, revenue, and loyalty from their customers. Further, it provides Customer 360 Platform that offers no-code to pro-code Platform-as-a-Service tools for building, securing, integrating, and managing the business apps; MuleSoft Anypoint Platform enables customers to connect any system, application, data, or device; Quip collaboration platform, which combines documents, spreadsheets, apps, and chat with live CRM data; and Tableau and Einstein Analytics, provides analytical technology to customers. Additionally, the company offers various solutions for financial services, healthcare and life sciences, manufacturing, consumer goods, government, and philanthropy. The company also provides professional services and education services, including instructor-led and online courses; and support and adoption programs. It provides its services through direct sales; and consulting firms, systems integrators, and other partners. Salesforce and Siemens has a strategic partnership. The company was founded in 1999 and is headquartered in San Francisco, California.",San Francisco,415 901 7000,CA,United States,[],http://www.salesforce.com,1,Salesforce Tower,Software—Application,255.01,256.12,201.6995,,0,,259.18,,3963428,,255.01,253.23314,,256.12,,3963428,,,,,,1.266409,,,254.05,2,USD,98.79197,2921347,,,,232932704256,,,7521395,12.019231,254.05,261.66,,900,2921347,284.5,67.89655,,,115.29,252.75,False,,3200,259.18,NYQ,Salesforce.com Inc,"salesforce.com, inc.",America/New_York,EDT,False,-14400000,EQUITY,CRM,finmb_122917,us_market,,11.86,,0.12214,109.813,0.763729,,3.77,,910000000,,,42.335,11793641,0.012999999,,1580428800,0.85159,2367000064,2.591,,0.14598012,6.0462976,0.03805,1643587200,1596153600,1.48,1598832000,876575700,229837701120,,1366243200,4:1,,,,27.846,1601424000,4.18,,0.015,12446768,,,256.12,https://logo.clearbit.com/salesforce.com,415 901 7040,3rd Floor 415 Mission Street
CSCO,95134,Technology,77500,"Cisco Systems, Inc. designs, manufactures, and sells Internet Protocol based networking and other products related to the communications and information technology industry in the Americas, Europe, the Middle East, Africa, the Asia Pacific, Japan, and China. It provides infrastructure platforms, including networking technologies of switching, routing, wireless, and data center products that are designed to work together to deliver networking capabilities, and transport and/or store data. The company also offers collaboration products comprising unified communications, Cisco TelePresence, and conferencing, as well as the Internet of Things and analytics software. In addition, it provides security products, such as network security, cloud and email security, identity and access management, advanced threat protection, and unified threat management products; and cloud and system management products. Further, the company offers a range of service and support options for its customers, including technical support and advanced services. It serves businesses of various sizes, public institutions, governments, and service providers. The company sells its products and services directly, as well as through systems integrators, service providers, other resellers, and distributors. Cisco Systems, Inc. has a strategic alliance with Internet2 to deliver next-generation capabilities and software solutions. Cisco Systems, Inc. was founded in 1984 and is headquartered in San Jose, California.",San Jose,408 526 4000,CA,United States,[],http://www.cisco.com,1,170 West Tasman Drive,Communication Equipment,39.3,39.44,43.38391,0.036132313,0.53790003,,39.51,,19362342,,39.3,39.709427,1.42,39.44,,19362342,,,,1.44,1601510400,0.847766,,,39.03,2,USD,14.848485,16564890,,,,165950455808,,,22786841,3.3660667,39.03,39.33,,1000,16564890,50.28,11.807229,,3,32.4,39.29,False,0.0367,1800,39.51,NMS,"Cisco Systems, Inc.","Cisco Systems, Inc.",America/New_York,EDT,False,-14400000,EQUITY,CSCO,finmb_19691,us_market,,3.085,,0.22746,9.614,-0.16684377,,3.32,,4233430016,,,8.95,35048294,0.0083,,1595635200,0.73977995,11214000128,2.64,0.36,0.14598012,4.3798885,0.00043000001,1658707200,1595635200,1.35,1598832000,4230715905,152110268416,,953769600,2:1,,1601510400,,0.195,1601424000,2.11,,0.0083,31402364,,,39.44,https://logo.clearbit.com/cisco.com,408 853 3683,
CVX,94583-2324,Energy,48200,"Chevron Corporation, through its subsidiaries, engages in integrated energy, chemicals, and petroleum operations worldwide. The company operates in two segments, Upstream and Downstream. The Upstream segment is involved in the exploration, development, and production of crude oil and natural gas; processing, liquefaction, transportation, and regasification associated with liquefied natural gas; transportation of crude oil through pipelines; and transportation, storage, and marketing of natural gas, as well as operates a gas-to-liquids plant. The Downstream segment engages in refining crude oil into petroleum products; marketing crude oil and refined products; transporting crude oil and refined products through pipeline, marine vessel, motor equipment, and rail car; and manufacturing and marketing commodity petrochemicals, and fuel and lubricant additives, as well as plastics for industrial uses. Chevron Corporation is also involved in the cash management and debt financing activities; insurance operations; real estate activities; and technology businesses. The company was formerly known as ChevronTexaco Corporation and changed its name to Chevron Corporation in 2005. Chevron Corporation was founded in 1879 and is headquartered in San Ramon, California.",San Ramon,925 842 1000,CA,United States,[],http://www.chevron.com,1,6001 Bollinger Canyon Road,Oil & Gas Integrated,71.28,71.905,85.67362,0.069584735,,,72.29,,8858885,,71.28,75.416855,4.96,71.905,,8858885,,,,5.16,1597708800,1.258687,,,71.04,2,USD,,7514113,,,,137984720896,,,10338212,1.2000341,71.04,72.62,,1100,7514113,122.94,26.64684,,4.24,51.6,71.25,False,0.0708,800,72.29,NYQ,Chevron Corporation,Chevron Corporation,America/New_York,EDT,False,-14400000,EQUITY,CVX,finmb_98506,us_market,,1.396,,-0.07567,7.885,-0.39243942,,2.69,,1867289984,,,71.826,19472322,0.0104,,1577750400,0.68959,-8700999680,-4.664,1.29,0.14598012,0.99796736,0.00045000002,1640908800,1593475200,1.61,1598832000,1866128799,160505856000,,1095033600,2:1,,1597708800,,,1601424000,43.96,,0.0104,18859932,,,71.905,https://logo.clearbit.com/chevron.com,,
DIS,91521,Communication Services,223000,"The Walt Disney Company, together with its subsidiaries, operates as an entertainment company worldwide. The company's Media Networks segment operates domestic cable networks under the Disney, ESPN, Freeform, FX, and National Geographic brands; and television broadcast network under the ABC brand, as well as eight owned domestic television stations. This segment is also involved in the television production and distribution; and operation of National Geographic magazines. Its Parks, Experiences and Products segment operates theme parks and resorts, such as Walt Disney World Resort in Florida; Disneyland Resort in California; Disneyland Paris; Hong Kong Disneyland Resort; and Shanghai Disney Resort; Disney Cruise Line, Disney Vacation Club, National Geographic Expeditions, and Adventures by Disney; and Aulani, a Disney resort and spa in Hawaii, as well as licenses its intellectual property to a third party for the operations of the Tokyo Disney Resort in Japan. The company's Studio Entertainment segment produces and distributes motion pictures under the Walt Disney Pictures, Twentieth Century Fox, Marvel, Lucasfilm, Pixar, Fox Searchlight Pictures, and Blue Sky Studios banners; develops, produces, and licenses live entertainment events; produces and distributes music; and provides post-production services, including visual and audio effects. Its Direct-To-Consumer & International segment operates international television networks and channels comprising Disney, ESPN, Fox, National Geographic, Star, and Other India Channels; direct-to-consumer streaming services consisting of Disney +, ESPN+, Hotstar, and Hulu; and operates branded apps and Websites, such as Disney Movie Club and Disney Digital Network, as well as provides streaming technology support services. The company was founded in 1923 and is based in Burbank, California.",Burbank,818-560-1000,CA,United States,[],http://www.thewaltdisneycompany.com,1,500 South Buena Vista Street,Entertainment,124.23,124.58,118.94268,0.007083635,,,125.73,,10236800,,124.23,127.51429,0.88,124.58,,10236800,,,,,1576195200,1.099282,,,123.64,2,USD,,6028763,,,,225792131072,,,10155650,3.2366064,123.64,0,,800,6028763,153.41,47.69084,,1.42,79.07,0,False,,1200,125.73,NYQ,Walt Disney Company (The),The Walt Disney Company,America/New_York,EDT,False,-14400000,EQUITY,DIS,finmb_191564,us_market,,4.063,,-0.01577,23.861,-0.047128856,,2.62,,1807059968,,,48.023,17066783,0.0094,,1569628800,0.66286004,-1328999936,-0.609,0.88,0.14598012,2.6018782,0.00202,1632787200,1593216000,1.86,1598832000,1804551547,283448475648,,1181692800,10000:9865,,1576195200,,,1601424000,51.37,,0.0095,22449342,,,124.58,https://logo.clearbit.com/thewaltdisneycompany.com,,
DOW,48674,Basic Materials,36500,"Dow Inc. provides various materials science solutions for consumer care, infrastructure, and packaging markets in the United States, Canada, Europe, the Middle East, Africa, India, the Asia Pacific, and Latin America. It operates through Packaging & Specialty Plastics, Industrial Intermediates & Infrastructure, and Performance Materials and Coatings segments. The Packaging & Specialty Plastics segment provides ethylene, and propylene and aromatic products; and polyethylene, polyolefin elastomers, ethylene vinyl acetate, and ethylene propylene diene monomer rubbers. The Industrial Intermediates & Infrastructure segment offers ethylene oxides, propylene oxide, propylene glycol and polyether polyols, aromatic isocyanates and polyurethane systems, coatings, adhesives, sealants, elastomers, and composites. This segment also provides caustic soda, and ethylene dichloride and vinyl chloride monomers; and cellulose ethers, redispersible latex powders, silicones, and acrylic emulsions. The Performance Materials and Coatings segment provides architectural paints and coatings, and industrial coatings that are used in maintenance and protective industries, wood, metal packaging, traffic markings, thermal paper, and leather; performance monomers and silicones; standalone silicones; and home and personal care solutions. It also engages in property and casualty insurance, as well as reinsurance business. Dow Inc. was incorporated in 2018 and is headquartered in Midland, Michigan.",Midland,989 636 1000,MI,United States,[],http://www.dow.com,1,2211 H.H. Dow Way,Chemicals,48.84,49.35,41.856667,0.057330057,,,50.15,,3730914,,48.84,48.459713,2.8,49.35,,3730914,,,,2.8,1606435200,,,,49.21,2,USD,,2456196,,,,36566913024,,,4274113,0.93540657,49.21,50.22,,1000,2456196,56.25,20.221312,,,21.95,0,False,0.0573,800,50.15,NYQ,Dow Inc.,Dow Inc.,America/New_York,EDT,False,-14400000,EQUITY,DOW,finmb_9830660,us_market,,1.362,,-0.05055,9.374,0.044674993,,2.44,,741121024,,,16.916,11661253,0.015700001,,1577750400,0.70819,-1984000000,-2.685,0.7,0.14598012,2.9167652,0.00082,1640908800,1593475200,2.34,1598832000,740157992,53224931328,,,,,1598572800,,,1601424000,-4.15,,0.015700001,14586615,,,49.35,https://logo.clearbit.com/dow.com,989 832 1456,
GS,10282,Financial Services,40900,"The Goldman Sachs Group, Inc. operates as an investment banking, securities, and investment management company worldwide. It operates in four segments: Investment Banking, Global Markets, Asset Management, and Consumer & Wealth Management. The company's Investment Banking segment provides financial advisory services, including strategic advisory assignments related to mergers and acquisitions, divestitures, corporate defense activities, restructurings, and spin-offs; and middle-market lending, relationship lending, and acquisition financing, as well as transaction banking services. This segment also offers underwriting services, such as equity underwriting for common and preferred stock and convertible and exchangeable securities; and debt underwriting for various types of debt instruments, including investment-grade and high-yield debt, bank and bridge loans, and emerging- and growth-market debt. Its Global Markets segment is involved in client execution activities for cash and derivative instruments; credit products; mortgages; currencies; commodities; and equities; and provision of equity intermediation, and equity financing services, as well as offers clearing, settlement and custody services. The company's Asset Management segment manages assets across various asset classes, including equity, fixed income, hedge funds, credit funds, private equity, real estate, currencies, and commodities; and provides customized investment advisory solutions, and financing services, as well as invests in corporate, real estate, and infrastructure entities. Its Consumer & Wealth Management segment offers wealth advisory and banking services, including financial planning, investment management, and lending; private banking and lending services; unsecured loans; and saving and time deposits. The company serves corporations, financial institutions, governments, and individuals. The Goldman Sachs Group, Inc. was founded in 1869 and is headquartered in New York, New York.",New York,212-902-1000,NY,United States,[],http://www.goldmansachs.com,1,200 West Street,Capital Markets,205.69,206.7,197.75674,0.024308424,0.277,,211.38,,4069928,,205.69,202.08914,5,206.7,,4069928,,,,5,1598832000,1.390512,,,206.465,2,USD,11.532875,3268390,,,,71578132480,,,3240355,1.8060236,206.465,0,,800,3268390,250.46,8.997837,,1.59,130.85,208.33,False,0.024300002,1000,211.38,NYQ,"Goldman Sachs Group, Inc. (The)","The Goldman Sachs Group, Inc.",America/New_York,EDT,False,-14400000,EQUITY,GS,finmb_398625,us_market,,-1.703,,0.17965001,,-0.015568852,,23.12,,344076000,,,229.831,5010277,0.0146,,1577750400,0.76195997,6501000192,18.038,1.25,0.14598012,0.9051434,0.00596,1640908800,1601424000,1.34,1598832000,351237710,-67491930112,,,,,1598832000,,0.927,1601424000,2.17,,0.0146,4823687,,,206.7,https://logo.clearbit.com/goldmansachs.com,,
HD,30339,Consumer Cyclical,400000,"The Home Depot, Inc. operates as a home improvement retailer. It operates The Home Depot stores that sell various building materials, home improvement products, lawn and garden products, and dÃ©cor products, as well as provide installation, home maintenance, and professional service programs to do-it-yourself and professional customers. The company also offers installation programs that include flooring, cabinets and cabinet makeovers, countertops, furnaces and central air systems, and windows; and professional installation in various categories sold through its stores and in-home sales programs, as well as acts as a general contractor to provide installation services to its do-it-for-me customers through third-party installers. In addition, it provides tool and equipment rental services. The company primarily serves home owners; and professional renovators/remodelers, general contractors, handymen, property managers, building service contractors, and specialty tradesmen, such as electricians, plumbers, and painters. It also sells its products online. As of August 4, 2020, the company operated 2,293 retail stores in 50 states, the District of Columbia, Puerto Rico, the U.S. Virgin Islands, Guam, 10 Canadian provinces, and Mexico. The Home Depot, Inc. was founded in 1978 and is based in Atlanta, Georgia.",Atlanta,770-433-8211,GA,United States,[],http://www.homedepot.com,1,2455 Paces Ferry Road,Home Improvement Retail,283.73,285.14,255.04478,0.020653438,0.5233,,289.79,,2550057,,283.73,278.92685,5.86,285.14,,2550057,,,,6,1599004800,1.088251,,,284.13,2,USD,26.198938,2224459,,,,322003828736,,,3322206,2.6987028,284.13,288.47,,900,2224459,292.95,23.97653,,2.1,140.63,284.27,False,0.0211,800,289.79,NYQ,"Home Depot, Inc. (The)","The Home Depot, Inc.",America/New_York,EDT,False,-14400000,EQUITY,HD,finmb_278679,us_market,,2.781,,0.09912,17.371,0.21890318,,11.93,,1076460032,,,-0.385,5873394,0.0055,,1580601600,0.72203004,11827000320,10.918,1.5,0.14598012,,0.00116,1643760000,1596326400,1.53,1598832000,1074862360,331855724544,,946598400,3:2,,1599004800,,0.245,1601424000,4.3,,0.0055,7357686,,,285.14,https://logo.clearbit.com/homedepot.com,,
HON,28202,Industrials,113000,"Honeywell International Inc. operates as a diversified technology and manufacturing company worldwide. The Aerospace segment offers auxiliary power units, propulsion engines, integrated avionics, environmental control and electric power systems, engine controls, flight safety, communications, navigation hardware, data and software applications, radar and surveillance systems, aircraft lighting, advanced systems and instruments, satellite and space components, and aircraft wheels and brakes; spare parts; repair, overhaul, and maintenance services; thermal systems; and connected solutions and data services for the aftermarket, as well as wireless connectivity, and management and technical services. The company's Honeywell Building Technologies segment offers advanced software applications for building control and optimization; sensors, switches, control systems and instruments for energy management; access control; video surveillance; fire products; remote patient monitoring systems; e-cooling heat transfer agents; and installation, maintenance, and upgrades of systems. Its Performance Materials and Technologies segment offers automation control, instrumentation, and advanced software and related services; catalysts and adsorbents, equipment, and consulting; and materials used to manufacture end products, such as bullet-resistant armor, nylon, computer chips, and pharmaceutical packaging, as well as Honeywell forge connected solutions. The company's Safety and Productivity Solutions segment provides personal protection equipment, apparel, gear, and footwear; gas detection technology; and cloud-based notification and emergency messaging; and mobile devices and software; supply chain and warehouse automation equipment, and software and solutions; custom-engineered sensors, switches, and controls; and software-based data and asset management productivity solutions. Honeywell International Inc. was incorporated in 1985 and is headquartered in Charlotte, North Carolina.",Charlotte,704 627 6200,NC,United States,[],http://www.honeywell.com,1,300 South Tryon Street,Specialty Industrial Machinery,171.59,172.47,151.75949,0.020514017,0.433,,175.72,,2549600,,171.59,167.83257,3.52,172.47,,2549600,,,,3.72,1605139200,1.05626,,,172.47,2,USD,21.290243,1514643,,,,121590915072,,,3058278,3.522128,172.47,176.81,,800,1514643,184.06,22.127714,,2.02,101.08,170.41,False,0.0217,900,175.72,NYQ,Honeywell International Inc.,Honeywell International Inc.,America/New_York,EDT,False,-14400000,EQUITY,HON,finmb_1340740,us_market,,3.718,,0.1694,16.163,0.020076513,,7.83,,701782976,,,25.858,5770276,0.0082,,1577750400,0.78178,5848000000,8.138,0.9,0.14598012,6.700441,0.00162,1640908800,1593475200,1.91,1598832000,670925759,128366977024,,1540771200,1032:1000,,1597276800,,-0.299,1601424000,13.72,,0.0082,5659629,,,172.47,https://logo.clearbit.com/honeywell.com,,
IBM,10504,Technology,352600,"International Business Machines Corporation operates as an integrated solutions and services company worldwide. Its Cloud & Cognitive Software segment offers software for vertical and domain-specific solutions in health, financial services, and Internet of Things (IoT), weather, and security software and services application areas; and customer information control system and storage, and analytics and integration software solutions to support client mission critical on-premise workloads in banking, airline, and retail industries. It also offers middleware and data platform software, including Red Hat, which enables the operation of clients' hybrid multi-cloud environments; and Cloud Paks, WebSphere distributed, and analytics platform software, such as DB2 distributed, information integration, and enterprise content management, as well as IoT, Blockchain and AI/Watson platforms. The company's Global Business Services segment offers business consulting services; system integration, application management, maintenance, and support services for packaged software; finance, procurement, talent and engagement, industry-specific business process outsourcing services; IT infrastructure and platform services. Its Global Technology Services segment provides project, managed, outsourcing, and cloud-delivered services for enterprise IT infrastructure environments; and IT infrastructure support services. It's Systems segment offers servers for businesses, cloud service providers, and scientific computing organizations; data storage products and solutions; and z/OS, an enterprise operating system, as well as Linux. Its Global Financing segment provides lease, installment payment, loan financing, short-term working capital financing, and remanufacturing and remarketing services. It was formerly known as Computing-Tabulating-Recording Co. and changed its name to International Business Machines Corporation in 1924. It was founded in 1911 and is headquartered in Armonk, New York.",Armonk,914 499 1900,NY,United States,[],http://www.ibm.com,1,One New Orchard Road,Information Technology Services,125.52,119.8,122.859856,0.051704906,0.7358,,120.15,,7260871,,125.52,122.91914,6.49,119.8,,7260871,,,,6.52,1596758400,1.157198,,,116.84,2,USD,13.320849,21270775,,,,104527257600,,,4772906,1.3844852,116.84,0,,1100,21270775,158.75,9.636289,,4.19,90.56,0,False,0.0519,800,120.15,NYQ,International Business Machines,International Business Machines Corporation,America/New_York,EDT,False,-14400000,EQUITY,IBM,finmb_112350,us_market,,2.22,,0.10434,10.758,-0.12658137,,12.18,,890579008,,,23.076,21800506,0.024500001,,1577750400,0.58555,7880000000,8.811,1.63,0.14598012,5.086237,0.0010800001,1640908800,1593475200,5.37,1598832000,889189445,167583449088,,927763200,2:1,,1596758400,,-0.455,1601424000,3.99,,0.024500001,22629603,,,119.8,https://logo.clearbit.com/ibm.com,,
INTC,95054-1549,Technology,110,"Intel Corporation designs, manufactures, and sells essential technologies for the cloud, smart, and connected devices worldwide. The company operates through DCG, IOTG, Mobileye, NSG, PSG, CCG, and All Other segments. It offers platform products, such as central processing units and chipsets, and system-on-chip and multichip packages; and non-platform or adjacent products comprising accelerators, boards and systems, connectivity products, and memory and storage products. The company also provides Internet of things products, including high-performance compute solutions for targeted verticals and embedded applications; and computer vision and machine learning-based sensing, data analysis, localization, mapping, and driving policy technology. It serves original equipment manufacturers, original design manufacturers, and cloud service providers. The company has collaborations with UC San Francisco's Center for Digital Health Innovation, Fortanix, and Microsoft Azure to establish a computing platform with privacy-preserving analytics to accelerate the development and validation of clinical algorithms. Intel Corporation was founded in 1968 and is headquartered in Santa Clara, California.",Santa Clara,408 765 8080,CA,United States,[],http://www.intel.com,1,2200 Mission College Boulevard,Semiconductors,54.58,54.6,55.626595,0.02363503,0.23799999,,54.69,,25944028,,54.58,51.277428,1.29,54.6,,25944028,,,,1.32,1604534400,0.718146,,,53.27,2,USD,9.816278,27224899,,,,227237789696,,,34982589,2.878067,53.27,53.65,,1300,27224899,69.29,11.343949,,2.59,43.63,0,False,0.0247,800,54.69,NMS,Intel Corporation,Intel Corporation,America/New_York,EDT,False,-14400000,EQUITY,INTC,finmb_21127,us_market,,3.037,,0.29968,6.29,0.033062577,,4.71,,4252999936,,,19.283,118190637,0.0278,,1577491200,0.69042,23661000704,5.443,0.33,0.14598012,2.7708342,0.00045000002,1640649600,1593216000,3.58,1598832000,4249725190,239769796608,,965001600,2:1,,1596672000,,0.222,1601424000,1.28,,0.0278,173523497,,,54.6,https://logo.clearbit.com/intel.com,,
JNJ,08933,Healthcare,132200,"Johnson & Johnson researches and develops, manufactures, and sells various products in the health care field worldwide. It operates in three segments: Consumer, Pharmaceutical, and Medical Devices. The Consumer segment offers baby care products under the JOHNSON'S brand; oral care products under the LISTERINE brand; beauty products under the AVEENO, CLEAN & CLEAR, DR. CI:LABO NEUTROGENA, and OGX brands; over-the-counter medicines, including acetaminophen products under the TYLENOL brand; cold, flu, and allergy products under the SUDAFED brand; allergy products under the BENADRYL and ZYRTEC brands; ibuprofen products under the MOTRIN IB brand; and acid reflux products under the PEPCID brand. This segment also provides women's health products, such as sanitary pads and tampons under the STAYFREE, CAREFREE, and o.b. brands; wound care products comprising adhesive bandages under the BAND-AID brand; and first aid products under the NEOSPORIN brand. The Pharmaceutical segment offers products in various therapeutic areas, including immunology, infectious diseases, neuroscience, oncology, pulmonary hypertension, and cardiovascular and metabolic diseases. The Medical Devices segment provides orthopedic products; general surgery, biosurgical, endomechanical, and energy products; electrophysiology products to treat cardiovascular diseases; and vision care products, such as disposable contact lenses and ophthalmic products related to cataract and laser refractive surgery. The company markets its products to general public, and retail outlets and distributors, as well as distributes directly to wholesalers, hospitals, and health care professionals for prescription use. Johnson & Johnson was founded in 1886 and is based in New Brunswick, New Jersey.",New Brunswick,732 524 0400,NJ,United States,[],http://www.jnj.com,1,One Johnson & Johnson Plaza,Drug Manufacturers—General,144.32,144.66,147.26826,0.02716186,0.6164,,145.75,,7241371,,144.32,147.786,3.92,144.66,,7241371,,,,4.04,1598227200,0.686707,,,144.12,2,USD,22.727987,4371936,,,,380574138368,,,5988378,4.706814,144.12,0,,800,4371936,157,16.061111,,2.64,109.16,0,False,0.027999999,800,145.75,NYQ,Johnson & Johnson,Johnson & Johnson,America/New_York,EDT,False,-14400000,EQUITY,JNJ,finmb_139677,us_market,,4.839,,0.21008,14.395,0.11277914,,9,,2632819968,,,23.924,11450022,0.0043,,1577577600,0.70252,16986000384,6.36,1.01,0.14598012,6.04205,0.00083,1640736000,1601424000,1.74,1598832000,2630059010,391228096512,,992390400,2:1,,1598227200,,1.027,1601424000,4.29,,0.0044,10556925,,,144.66,https://logo.clearbit.com/jnj.com,,
JPM,10179,Financial Services,256358,"JPMorgan Chase & Co. operates as a financial services company worldwide. It operates in four segments: Consumer & Community Banking (CCB), Corporate & Investment Bank (CIB), Commercial Banking (CB), and Asset & Wealth Management (AWM). The CCB segment offers deposit and investment products and services to consumers; lending, deposit, and cash management and payment solutions to small businesses; mortgage origination and servicing activities; residential mortgages and home equity loans; and credit card, payment processing, auto loan, and leasing services. The CIB segment provides investment banking products and services, including corporate strategy and structure advisory, and equity and debt markets capital-raising services, as well as loan origination and syndication; cash management and liquidity solutions; and cash securities and derivative instruments, risk management solutions, prime brokerage, and research. This segment also offers securities services, including custody, fund accounting and administration, and securities lending products for asset managers, insurance companies, and public and private investment funds. The CB segment provides financial solutions, including lending, treasury, investment banking, and asset management to small business, large and midsized corporations, local governments, and nonprofit clients; and commercial real estate banking services to investors, developers, and owners of multifamily, as well as to office, retail, industrial, and affordable housing properties. The AWM segment offers investment and wealth management services across equities, fixed income, alternatives, and money market fund asset classes; multi-asset investment management services; retirement products and services; and brokerage and banking services. The company also provides ATM, online and mobile, and telephone banking services. The company was founded in 1799 and is headquartered in New York, New York.",New York,212-270-6000,NY,United States,[],http://www.jpmorganchase.com,1,383 Madison Avenue,Banks—Diversified,99.8,100.31,97.1579,0.036072142,0.47,,101.77,,15198828,,99.8,98.982574,3.6,100.31,,15198828,,,,3.6,1601856000,1.129619,,,100.12,2,USD,13.087756,10706457,,,,305947836416,,,16155995,3.1208022,100.12,100.69,,1400,10706457,141.1,11.189521,,2.55,76.91,0,False,0.0361,900,101.77,NYQ,JP Morgan Chase & Co.,JPMorgan Chase & Co.,America/New_York,EDT,False,-14400000,EQUITY,JPM,finmb_658776,us_market,,-3.496,,0.26026,,-0.19781011,,8.97,,3048199936,,,79.079,20297746,0.0067000003,,1577750400,0.76083,23803000832,7.669,0.9,0.14598012,1.269237,0.00875,1640908800,1601424000,1.1,1598832000,3000099404,-342726180864,,960768000,3:2,,1601856000,,0.04,1601424000,-12.81,,0.0067000003,22289040,,,100.31,https://logo.clearbit.com/jpmorganchase.com,,
KO,30301,Consumer Defensive,86200,"The Coca-Cola Company, a beverage company, manufactures, markets, and sells various nonalcoholic beverages worldwide. The company provides sparkling soft drinks; water, enhanced water, and sports drinks; juice, dairy, and plantÂbased beverages; tea and coffee; and energy drinks. It also offers beverage concentrates and syrups, as well as fountain syrups to fountain retailers, such as restaurants and convenience stores. The company sells its products under the Coca-Cola, Diet Coke/Coca-Cola Light, Coca-Cola Zero Sugar, Fanta, Fresca, Schweppes, Sprite, Thums Up, Aquarius, Ciel, Dasani, glacÃ©au smartwater, glacÃ©au vitaminwater, Ice Dew, I LOHAS, Powerade, Topo Chico, AdeS, Del Valle, fairlife, innocent, Minute Maid, Minute Maid Pulpy, Simply, ZICO, Ayataka, Costa, dogadan, FUZE TEA, Georgia, Gold Peak, HONEST TEA, and Kochakaden brands. It operates through a network of company-owned or controlled bottling and distribution operators, as well as through independent bottling partners, distributors, wholesalers, and retailers. The company was founded in 1886 and is headquartered in Atlanta, Georgia.",Atlanta,404 676 2121,GA,United States,[],http://www.coca-colacompany.com,1,One Coca-Cola Plaza,Beverages—Non-Alcoholic,49.62,49.89,47.456013,0.032648128,0.7642,,50.62,,11538185,,49.62,49.925713,1.62,49.89,,11538185,,,,1.64,1606694400,0.557087,,,49.79,2,USD,23.702831,10768473,,,,215845847040,,,14229676,6.2881155,49.79,50.39,,900,10768473,60.13,24.275364,,3.21,36.27,50.21,False,0.0326,800,50.62,NYQ,Coca-Cola Company (The),The Coca-Cola Company,America/New_York,EDT,False,-14400000,EQUITY,KO,finmb_26642,us_market,,7.285,,0.26770002,22.231,-0.08034408,,2.07,,4295439872,,,4.071,19443107,0.0045,,1577750400,0.69997,9189000192,2.12,0.41,0.14598012,12.343404,0.00696,1640908800,1593129600,1.19,1598832000,3863145946,250074808320,,1344816000,2:1,,1600041600,,-0.318,1601424000,9.29,,0.0046,19631176,,,49.89,https://logo.clearbit.com/coca-colacompany.com,,
MCD,60607,Consumer Cyclical,205000,"McDonald's Corporation operates and franchises McDonald's restaurants in the United States and internationally. Its restaurants offer various food products and beverages, as well as breakfast menu. As of December 31, 2019, the company operated 38,695 restaurants. McDonald's Corporation was founded in 1940 and is based in Chicago, Illinois.",Chicago,630 623 3000,IL,United States,[],http://corporate.mcdonalds.com,1,110 North Carpenter Street,Restaurants,226,226.74,198.3629,0.021725664,0.77809995,,230,,2086671,,226,220.94743,4.91,226.74,,2086671,,,,5.16,1606694400,0.672366,,,226.43,2,USD,35.949104,1817153,,,,169246212096,,,2864403,8.852484,226.43,0,,900,1817153,231.91,27.503021,,2.55,124.23,224.4,False,0.0228,800,230,NYQ,McDonald's Corporation,McDonald's Corporation,America/New_York,EDT,False,-14400000,EQUITY,MCD,finmb_139488,us_market,,11.342,,0.24954,24.339,0.14175987,,8.27,,744102976,,,-12.717,4526161,0.0061000003,,1577750400,0.68794,4770800128,6.327,1.25,0.14598012,,0.00116,1640908800,1593475200,1.51,1598832000,743499791,216833769472,,920851200,2:1,,1598832000,,-0.681,1601424000,7.83,,0.0061000003,6887819,,,226.74,https://logo.clearbit.com/corporate.mcdonalds.com,,
MMM,55144-1000,Industrials,96000,"3M Company develops, manufactures, and markets various products worldwide. It operates through four business segments: Safety and Industrial, Transportation and Electronics, Health Care, and Consumer. The Safety and Industrial segment offers personal safety products, industrial adhesives and tapes, abrasives, closure and masking systems, electrical markets, automotive aftermarket, and roofing granules to industrial, electrical, and safety markets. The Transportation and Electronics provides electronics, such as display materials and systems, electronic materials solutions; automotive and aerospace, and commercial solutions; advanced materials; and transportation safety products to transportation and electronic original equipment manufacturer customers. The Health Care segment offers medical and surgical supplies, skin health and infection prevention products, oral care, separation and purification sciences, health information systems, drug delivery systems, and food safety products to healthcare industry. The Consumer segment provides home improvement, home care, and consumer health care products, as well as stationery and office supplies to various consumers. This segment is also involved in the retail auto care business. It offers its products through various e-commerce and traditional wholesalers, retailers, jobbers, distributors, and dealers, as well as directly to users. 3M Company has a strategic collaboration with Merry Maids in residential cleaning sector. The company was founded in 1902 and is headquartered in St. Paul, Minnesota.",St. Paul,651-733-1110,MN,United States,[],http://www.3m.com,1,3M Center,Specialty Industrial Machinery,169.55,170.5,157.37624,0.03432616,0.66059995,,173.19,,1769114,,169.55,165.38457,5.82,170.5,,1769114,,,,5.88,1597968000,0.971318,,,169.99,2,USD,19.397482,1759150,,,,98470445056,,,2487224,3.1407025,169.99,0,,800,1759150,182.55,18.622004,,2.77,114.04,0,False,0.0344,1200,173.19,NYQ,3M Company,3M Company,America/New_York,EDT,False,-14400000,EQUITY,MMM,finmb_289194,us_market,,3.69,,0.16375,13.687,0.012977004,,9.18,,576019008,,,18.848,5641206,0.0098,,1577750400,0.69952005,5134000128,8.813,1.47,0.14598012,9.069928,0.00182,1640908800,1593475200,2.11,1598832000,575351259,115679526912,,1064880000,2:1,,1597968000,,0.145,1601424000,6.09,,0.0098,7714228,,,170.5,https://logo.clearbit.com/3m.com,,
MRK,07033,Healthcare,71000,"Merck & Co., Inc. provides healthcare solutions worldwide. The company offers therapeutic and preventive agents for cardiovascular, type 2 diabetes, chronic hepatitis C virus, HIV-1 infection, intra-abdominal, fungal infection, insomnia, and inflammatory diseases; neuromuscular blocking agents; cholesterol modifying medicines; and anti-bacterial and vaginal contraceptive products. It provides products to prevent chemotherapy-induced and post-operative nausea and vomiting; treat non-small-cell lung, ovarian and breast, esophageal, thyroid, cervical, and brain cancers; and prevent diseases caused by human papillomavirus, as well as vaccines for measles, mumps, rubella, varicella, shingles, rotavirus gastroenteritis, and pneumococcal diseases. In addition, the company offers drugs for hepatocellular and merkel cell carcinoma; antibiotic and anti-inflammatory drugs for infectious and respiratory diseases, fertility disorders, and pneumonia in cattle, bovine, and swine; vaccines for poultry; parasiticides for sea lice in salmon; and antibiotics and vaccines for fish. Further, it provides companion animal products; diabetes mellitus treatment and anthelmintic products for dogs and cats; products to treat fleas, ticks, mosquitoes, and sandflies; horse fertility management products for swine; and dog, cat, and horse vaccines. Additionally, the company offers services and solutions that focus on engagement, clinical, and health analytics. Merck & Co., Inc. has collaborations with AstraZeneca PLC; Bayer AG; Eisai Co., Ltd.; Almac Discovery Ltd.; Skyhawk Therapeutics, Inc.; Ridgeback Biotherapeutics; Shanghai Junshi Biosciences Co., Ltd.; FUJIFILM Corporation; and Intec Pharma Ltd. It serves drug wholesalers and retailers, hospitals, and government agencies; managed health care providers; and physicians and physician distributors, veterinarians, and animal producers. The company was founded in 1891 and is headquartered in Kenilworth, New Jersey.",Kenilworth,908 740 4000,NJ,United States,[],http://www.merck.com,1,2000 Galloping Hill Road,Drug Manufacturers—General,78.67,78.97,80.569855,0.029490275,0.5791,,78.97,,8639028,,78.67,82.50657,2.32,78.97,,8639028,,,,2.44,1600041600,0.446221,,,78.08,2,USD,19.071636,9930298,,,,197963612160,,,8103764,4.1946774,78.08,78.78,,2900,9930298,92.64,12.364928,,2.96,65.25,0,False,0.031,1800,78.97,NYQ,"Merck & Company, Inc.","Merck & Co., Inc.",America/New_York,EDT,False,-14400000,EQUITY,MRK,finmb_288502,us_market,,4.616,,0.22204,11.437,-0.055508673,,6.33,,2529240064,,,10.929,10979550,0.0043,,1577750400,0.78555,10478999552,4.104,0.61,0.14598012,7.1616797,0.00075999997,1640908800,1593475200,1.29,1598832000,2526458905,217826705408,,919209600,2:1,,1600041600,,0.124,1601424000,2.11,,0.0043,12107807,,,78.97,https://logo.clearbit.com/merck.com,,
MSFT,98052-6399,Technology,163000,"Microsoft Corporation develops, licenses, and supports software, services, devices, and solutions worldwide. Its Productivity and Business Processes segment offers Office, Exchange, SharePoint, Microsoft Teams, Office 365 Security and Compliance, and Skype for Business, as well as related Client Access Licenses (CAL); Skype, Outlook.com, and OneDrive; LinkedIn that includes Talent, Learning, Sales, and Marketing solutions, as well as premium subscriptions; and Dynamics 365, a set of cloud-based and on-premises business solutions for small and medium businesses, large organizations, and divisions of enterprises. Its Intelligent Cloud segment licenses SQL and Windows Servers, Visual Studio, System Center, and related CALs; GitHub that provides a collaboration platform and code hosting service for developers; and Azure, a cloud platform. It also offers support services and Microsoft consulting services to assist customers in developing, deploying, and managing Microsoft server and desktop solutions; and training and certification to developers and IT professionals on various Microsoft products. Its More Personal Computing segment provides Windows original equipment manufacturer (OEM) licensing and other non-volume licensing of the Windows operating system; Windows Commercial, such as volume licensing of the Windows operating system, Windows cloud services, and other Windows commercial offerings; patent licensing; Windows Internet of Things; and MSN advertising. It also offers Surface, PC accessories, PCs, tablets, gaming and entertainment consoles, and other intelligent devices; Gaming, including Xbox hardware, and Xbox content and services; video games and third-party video game royalties; and Search, including Bing and Microsoft advertising. It sells its products through OEMs, distributors, and resellers; and directly through digital marketplaces, online stores, and retail stores. The company was founded in 1975 and is headquartered in Redmond, Washington.",Redmond,425-882-8080,WA,United States,[],http://www.microsoft.com,1,One Microsoft Way,Software—Infrastructure,214.22,215.8,198.70638,0.0095229205,0.3455,,217.35,,27425771,,214.22,211.12628,2.04,215.8,,27425771,,,,2.24,1605657600,0.923331,,,213.0901,2,USD,37.26562,22753511,,,,1623361323008,,,33527378,11.3509865,213.0901,214.2,,900,22753511,232.86,29.283764,,1.8,132.52,214.52,False,0.0104,1300,217.35,NMS,Microsoft Corporation,Microsoft Corporation,America/New_York,EDT,False,-14400000,EQUITY,MSFT,finmb_21835,us_market,,10.978,,0.30962,24.058,0.5640483,,7.33,,7562829824,,,15.626,39634230,0.0052,,1593475200,0.74093,44280999936,5.76,0.51,0.14598012,13.73672,0.014249999,1656547200,1593475200,1.09,1598832000,7455727348,1570014756864,,1045526400,2:1,,1597795200,,-0.151,1601424000,2.29,,0.0053,36458662,,,215.8,https://logo.clearbit.com/microsoft.com,,
NKE,97005,Consumer Cyclical,75400,"NIKE, Inc., together with its subsidiaries, designs, develops, markets, and sells athletic footwear, apparel, equipment, and accessories worldwide. The company offers NIKE brand products in six categories, including running, NIKE basketball, the Jordan brand, football, training, and sportswear. It also markets products designed for kids, as well as for other athletic and recreational uses, such as American football, baseball, cricket, golf, lacrosse, skateboarding, tennis, volleyball, walking, wrestling, and other outdoor activities; and apparel with licensed college and professional team and league logos, as well as sells sports apparel. In addition, the company sells a line of performance equipment and accessories comprising bags, socks, sport balls, eyewear, timepieces, digital devices, bats, gloves, protective equipment, and other equipment for sports activities; and various plastic products to other manufacturers. Further, it provides athletic and casual footwear, apparel, and accessories under the Jumpman trademark; casual sneakers, apparel, and accessories under the Converse, Chuck Taylor, All Star, One Star, Star Chevron, and Jack Purcell trademarks; and action sports and youth lifestyle apparel and accessories under the Hurley trademark. Additionally, the company licenses agreements that permit unaffiliated parties to manufacture and sell apparel, digital devices, and applications and other equipment for sports activities under NIKE-owned trademarks. It sells its products to footwear stores; sporting goods stores; athletic specialty stores; department stores; skate, tennis, and golf shops; and other retail accounts through NIKE-owned retail stores, digital platforms, independent distributors, licensees, and sales representatives. The company was formerly known as Blue Ribbon Sports, Inc. and changed its name to NIKE, Inc. in 1971. NIKE, Inc. was founded in 1964 and is headquartered in Beaverton, Oregon.",Beaverton,503 671 6453,OR,United States,[],http://www.nike.com,1,One Bowerman Drive,Footwear & Accessories,127.43,128,103.23377,0.0076904967,0.5799,,129.9,,4596500,,127.43,122.48086,0.98,128,,4596500,,,,0.98,1598572800,0.806949,,,127.72,2,USD,76.0746,3738149,,,,201707470848,,,6548620,5.402348,127.72,0,,800,3738149,131.34,35.0109,,1.07,60,127,False,0.0076,1200,129.9,NYQ,"Nike, Inc.","NIKE, Inc.",America/New_York,EDT,False,-14400000,EQUITY,NKE,finmb_291981,us_market,,5.496,,0.07205,44.232,0.39178944,,3.67,,1254809984,,,5.894,9373183,0.006,,1590883200,0.85827005,2689999872,1.689,0.245,0.14598012,21.800137,0.011729999,1653955200,1598832000,1.05,1598832000,1248153378,205193019392,,1450915200,2:1,,1598572800,,0.11,1601424000,1.78,,0.0098,10355100,,,128,https://logo.clearbit.com/nike.com,,
PG,45202,Consumer Defensive,99000,"The Procter & Gamble Company provides branded consumer packaged goods to consumers in North and Latin America, Europe, the Asia Pacific, Greater China, India, the Middle East, and Africa. It operates in five segments: Beauty; Grooming; Health Care; Fabric & Home Care; and Baby, Feminine & Family Care. The Beauty segment offers conditioners, shampoos, styling aids, and treatments; and antiperspirants and deodorants, personal cleansing, and skin care products under the Head & Shoulders, Herbal Essences, Pantene, Rejoice, Olay, Old Spice, Safeguard, SK-II, and Secret brands. The Grooming segment provides female and male blades and razors, pre- and post-shave products, and other shave care products; and appliances that include electric shavers and epilators under the Braun, Gillette, and Venus brands. The Health Care segment offers toothbrushes, toothpaste, and other oral care products; and gastrointestinal, rapid diagnostics, respiratory, vitamins/minerals/supplements, pain relief, and other personal health care products under the Crest, Oral-B, Metamucil, Neurobion, Pepto Bismol, and Vicks brands. The Fabric & Home Care segment provides fabric enhancers, laundry additives, and laundry detergents; and air care, dish care, P&G professional, and surface care products under the Ariel, Downy, Gain, Tide, Cascade, Dawn, Fairy, Febreze, Mr. Clean, and Swiffer brands. The Baby, Feminine & Family Care segment baby wipes, taped diapers, and pants; adult incontinence and feminine care products; and paper towels, tissues, and toilet papers under the Luvs, Pampers Always, Always Discreet, Tampax Bounty, Charmin, and Puffs brands. The company sells its products through mass merchandisers, e-commerce, grocery stores, membership club stores, drug stores, department stores, distributors, wholesalers, baby stores, specialty beauty stores, high-frequency stores, pharmacies, electronics stores, and professional channels. The Procter & Gamble Company was founded in 1837 and is headquartered in Cincinnati, Ohio.",Cincinnati,513 983 1100,OH,United States,[],http://www.pginvestor.com,1,One Procter & Gamble Plaza,Household & Personal Products,141.91,145.61,126.75116,0.021337468,0.6106,,145.69,,5710642,,141.91,139.44142,3.028,145.61,,5710642,,,,3.16,1603324800,0.409817,,,141.9,2,USD,28.720015,7409248,,,,354721038336,,,6065176,4.999592,141.9,0,,1200,7409248,145.87,24.650517,,2.99,94.34,0,False,0.0223,800,145.69,NYQ,Procter & Gamble Company (The),The Procter & Gamble Company,America/New_York,EDT,False,-14400000,EQUITY,PG,finmb_33328,us_market,,5.264,,0.18361,19.468,0.15837395,,5.78,,2489619968,,,18.399,12970376,0.0052,,1593475200,0.65032995,12764000256,4.961,0.791,0.14598012,7.743899,0.0010899999,1656547200,1593475200,2.12,1598832000,2483327136,373484552192,,1087776000,2:1,,1595462400,,,1601424000,3.45,,0.0052,14436185,,,145.61,https://logo.clearbit.com/pginvestor.com,,
TRV,10017,Financial Services,30800,"The Travelers Companies, Inc., through its subsidiaries, provides a range of commercial and personal property, and casualty insurance products and services to businesses, government units, associations, and individuals in the United states and internationally. The company operates through three segments: Business Insurance, Bond & Specialty Insurance, and Personal Insurance. The Business Insurance segment offers workers' compensation, commercial automobile and property, general liability, commercial multi-peril, employers' liability, public and product liability, professional indemnity, marine, aviation, onshore and offshore energy, construction, terrorism, personal accident, and kidnap and ransom insurance products. This segment operates through select accounts, which serve small businesses; commercial accounts that serve mid-sized businesses; national accounts, which serve large companies; and national property and other that serve large and mid-sized customers, commercial transportation industry, and agricultural businesses, as well as markets and distributes its products through brokers, wholesale agents, program managers, and specialized retail agents. The Bond & Specialty Insurance segment provides surety, fidelity, management and professional liability, and other property and casualty insurance products through independent agencies and brokers. The Personal Insurance segment offers property and casualty insurance covering personal risks, primarily automobile and homeowners insurance to individuals through independent agencies and brokers. The Travelers Companies, Inc. was founded in 1853 and is based in New York, New York.",New York,917-778-6000,NY,United States,[],http://www.travelers.com,1,485 Lexington Avenue,Insurance—Property & Casualty,111.84,115.58,110.6713,0.029595852,0.4708,,118.45,,1434757,,111.84,112.316284,3.31,115.58,,1434757,,,,3.4,1607472000,0.86321,,,114.2,2,USD,16.734201,2151041,,,,29904390144,,,1360160,0.9528243,114.2,120.59,,900,2151041,141.87,11.433688,,2.31,76.99,116.06,False,0.028800001,900,118.45,NYQ,"The Travelers Companies, Inc.","The Travelers Companies, Inc.",America/New_York,EDT,False,-14400000,EQUITY,TRV,finmb_392856,us_market,,0.975,,0.058280002,9.47,-0.10631055,,10.33,,253191008,,,106.41,5184809,0.020499999,,1577750400,0.84496003,1816999936,7.058,0.85,0.14598012,1.1099521,0.0028900001,1640908800,1593475200,3.49,1598832000,252330324,30589409280,,894931200,2:1,,1599609600,,,1601424000,4.27,,0.020499999,5066535,,,115.58,https://logo.clearbit.com/travelers.com,,
UNH,55343,Healthcare,325000,"UnitedHealth Group Incorporated operates as a diversified health care company in the United States. It operates through four segments: UnitedHealthcare, OptumHealth, OptumInsight, and OptumRx. The UnitedHealthcare segment offers consumer-oriented health benefit plans and services for national employers, public sector employers, mid-sized employers, small businesses, and individuals; health and well-being services to individuals age 50 and older, addressing their needs for preventive and acute health care services, as well as services dealing with chronic disease and other specialized issues for older individuals; Medicaid plans, Children's Health Insurance Program, and health care programs; medical and dental benefits; and health care delivery. The OptumHealth segment provides access to networks of care provider specialists, health management services, care delivery, consumer engagement, and financial services. This segment serves individuals through programs offered by employers, payers, government entities, and directly with the care delivery systems. The OptumInsight segment offers software and information products, advisory consulting arrangements, and services outsourcing contracts to hospital systems, physicians, health plans, governments, life sciences companies, and other organizations. The OptumRx segment provides pharmacy care services and programs, including retail network contracting, home delivery, specialty and compounding pharmacy, and purchasing and clinical, as well as develops programs in areas, such as step therapy, formulary management, drug adherence, and disease/drug therapy management. UnitedHealth Group Incorporated was incorporated in 1977 and is based in Minnetonka, Minnesota.",Minnetonka,952-936-1300,MN,United States,[],http://www.unitedhealthgroup.com,1,UnitedHealth Group Center,Healthcare Plans,324.22,326.62,300.86877,0.0033310717,0.26770002,,328.62,,2932757,,324.22,312.52228,1.08,326.62,,2932757,,,,5,1599782400,0.6845,,,323.28,2,USD,18.577173,1961188,,,,307348176896,,,2695721,1.216859,323.28,328.69,,900,1961188,333.7,17.528997,,1.45,187.72,0,False,0.0155,1400,328.62,NYQ,UnitedHealth Group Incorporated,UnitedHealth Group Incorporated,America/New_York,EDT,False,-14400000,EQUITY,UNH,finmb_104673,us_market,,1.33,,0.06625,12.853,0.30512512,,18.45,,950336000,,,70.794,5007183,0.0053,,1577750400,0.89916,16732000256,17.409,1.25,0.14598012,4.568325,0.00715,1640908800,1601424000,1.73,1598832000,956122180,335952412672,,1117497600,2:1,,1599782400,,-0.103,1601424000,1.52,,0.0053,5570245,,,326.62,https://logo.clearbit.com/unitedhealthgroup.com,,9900 Bren Road East
V,94105,Financial Services,19500,"Visa Inc. operates as a payments technology company worldwide. The company facilitates commerce through the transfer of value and information among consumers, merchants, financial institutions, businesses, strategic partners, and government entities. It operates VisaNet, a processing network that enables authorization, clearing, and settlement of payment transactions. In addition, the company offers card products, as well as value-added services. It provides its services under the Visa, Visa Electron, Interlink, V PAY, and PLUS brands. Visa Inc. has a strategic partnership with NovoPayment to enable financial institutions and merchants to deploy Visa's digital solutions in Latin America and the Caribbean; and a strategic agreement with Intuit Inc. The company was founded in 1958 and is headquartered in San Francisco, California.",San Francisco,650-432-7644,CA,United States,[],http://usa.visa.com,1,One Market Plaza,Credit Services,196.97,197.55,193.18376,0.0060922983,0.2186,,199.66,,6816328,,196.97,202.49715,1.2,197.55,,6816328,,,,1.2,1597276800,0.909542,,,196.71,2,USD,37.571266,6204593,,,,434038505472,,,7707693,18.968555,196.71,198.51,,1100,6204593,217.35,33.96907,,0.63,133.93,0,False,0.0061000003,800,199.66,NYQ,Visa Inc.,Visa Inc.,America/New_York,EDT,False,-14400000,EQUITY,V,finmb_38043467,us_market,,18.83,,0.51368,27.842,0.15398073,,5.82,,1686009984,,,14.2,25728595,0.0121,,1569801600,0.9806,11331000320,5.262,0.3,0.14598012,13.922535,0.002,1632960000,1593475200,3.05,1598832000,1684456812,430875410432,,1426723200,4:1,,1597276800,,-0.235,1601424000,4.68,,0.0153,28355233,,,197.55,https://logo.clearbit.com/usa.visa.com,,
VZ,10036,Communication Services,135300,"Verizon Communications Inc. offers communications, information, and entertainment products and services to consumers, businesses, and governmental entities worldwide. Its Consumer segment provides postpaid and prepaid service plans; Internet access on notebook computers and tablets; wireless equipment, including smartphones and other handsets; and wireless-enabled Internet devices, such as tablets, laptop computers and netbooks, and other wireless-enabled connected devices, such as smart watches and other wearables. It also provides residential fixed connectivity solutions, including Internet, video, and voice services; and sells network access to mobile virtual network operators. As of December 31, 2019, it had approximately 95 million wireless retail connections, 6 million broadband connections, and 4 million Fios video connections. The company's Business segment provides network connectivity products, including private networking, private cloud connectivity, virtual and software defined networking, and Internet access services; and Internet protocol-based voice services, unified communications and collaboration tools, and customer contact center solutions. It also offers a suite of management and data security services; domestic and global voice and data solutions, including voice calling, messaging services, conferencing, contact center solutions, and private line and data access networks; customer premises equipment; installation, maintenance, and site services; and IoT products and services. This segment had 25 million wireless retail postpaid connections and 489 thousand broadband connections. The company has strategic partnership with HERE Technologies and Dignitas; and Emory Healthcare to develop and test 5G Ultra Wideband-enabled use cases. The company was formerly known as Bell Atlantic Corporation and changed its name to Verizon Communications Inc. in June 2000. Verizon Communications Inc. was founded in 1983 and is headquartered in New York, New York.",New York,212-395-1000,NY,United States,[],http://www.verizon.com,1,1095 Avenue of the Americas,Telecom Services,57.3,57.54,57.41732,0.042931937,0.5325,,57.67,,17240900,,57.3,59.468,2.46,57.54,,17240900,,,,2.51,1602115200,0.409817,,,56.76,2,USD,12.391775,16498968,,,,236903366656,,,13574015,1.8261826,56.76,57.58,,1400,16498968,62.22,11.6125765,,4.44,48.84,57.12,False,0.0438,1300,57.67,NYQ,Verizon Communications Inc.,Verizon Communications Inc.,America/New_York,EDT,False,-14400000,EQUITY,VZ,finmb_415798,us_market,,2.823,,0.14758,7.707,-0.059625506,,4.93,,4137999872,,,15.151,27017981,0.0064999997,,1577750400,0.68434995,19145000960,4.62,0.628,0.14598012,3.7786283,0.00027000002,1640908800,1593475200,1.78,1598832000,4135074471,366167588864,,1278028800,1000000:937889,,1602115200,,0.192,1601424000,7.47,,0.0064999997,30056286,,,57.54,https://logo.clearbit.com/verizon.com,,
WBA,60015,Healthcare,223000,"Walgreens Boots Alliance, Inc. operates as a pharmacy-led health and beauty retail company. It operates through three segments: Retail Pharmacy USA, Retail Pharmacy International, and Pharmaceutical Wholesale. The Retail Pharmacy USA segment sells prescription drugs and an assortment of retail products, including health, wellness, beauty, personal care, consumable, and general merchandise products through its retail drugstores. It also provides specialty pharmacy services and mail services. As of August 31, 2020, this segment operated 9,021 retail stores under the Walgreens and Duane Reade brands in the United States; and six specialty pharmacies. The Retail Pharmacy International segment sells prescription drugs; and health and wellness, beauty, personal care, and other consumer products through its pharmacy-led health and beauty stores and optical practices, as well as through boots.com and an integrated mobile application. This segment operated 4,428 retail stores under the Boots, Benavides, and Ahumada in the United Kingdom, Thailand, Norway, the Republic of Ireland, the Netherlands, Mexico, and Chile; and 550 optical practices, including 165 on a franchise basis. The Pharmaceutical Wholesale segment engages in the wholesale and distribution of specialty and generic pharmaceuticals, health and beauty products, and home healthcare supplies and equipment, as well as provides related services to pharmacies and other healthcare providers. This segment operates in the United Kingdom, Germany, France, Turkey, Spain, the Netherlands, Egypt, Norway, Romania, the Czech Republic, and Lithuania. Walgreens Boots Alliance, Inc. was founded in 1901 and is based in Deerfield, Illinois.",Deerfield,847 315 3700,IL,United States,[],http://www.walgreensbootsalliance.com,1,108 Wilmot Road,Pharmaceutical Retailers,36.97,37.15,40.333477,0.049770083,3.5385,,37.765,,8674142,,36.97,36.187714,1.84,37.15,,8674142,,,,1.87,1597708800,0.435741,,,36.72,2,USD,72.23507,5894436,,,,32486361088,,,6595458,0.23281538,36.72,0,,800,5894436,64.5,7.8104167,,2.54,33.88,36.84,False,0.0506,900,37.765,NMS,"Walgreens Boots Alliance, Inc.","Walgreens Boots Alliance, Inc.",America/New_York,EDT,False,-14400000,EQUITY,WBA,finmb_93624,us_market,,0.525,,0.00327,16.042,-0.31286657,,4.8,,866534016,,,23.841,20008277,0.0231,,1598832000,0.60613996,456000000,0.519,0.468,0.14598012,1.5725013,0.22248,1661904000,1598832000,2.61,1598832000,717644927,73214902272,,919123200,2:1,,1597708800,,-0.449,1601424000,-1.48,,0.0278,19036068,,,37.15,https://logo.clearbit.com/walgreensbootsalliance.com,,
WMT,72716,Consumer Defensive,2200000,"Walmart Inc. engages in the retail and wholesale operations in various formats worldwide. The company operates in three segments: Walmart U.S., Walmart International, and Sam's Club. It operates supercenters, supermarkets, hypermarkets, warehouse clubs, cash and carry stores, discount stores, drugstores, and convenience stores; membership-only warehouse clubs; ecommerce websites, such as walmart.com, walmart.com.mx, asda.com, walmart.ca, flipkart.com, and samsclub.com; and mobile commerce applications. The company offers grocery products, including meat, produce, natural and organics, deli and bakery, dairy, frozen foods, alcoholic and nonalcoholic beverages, and floral and dry grocery, as well as consumables, such as health and beauty aids, baby products, household chemicals, paper goods, and pet supplies; and health and wellness products. It also provides electronics, cameras and supplies, photo processing services, wireless, movies, music, video games, and books; stationery, automotive, hardware and paint, sporting goods, and outdoor living and horticulture; apparel for women, girls, men, boys, and infants, as well as shoes, jewelry, and accessories; and home furnishings, housewares and small appliances, bedding, home decor, toys, fabrics, crafts, and seasonal merchandise, as well as brand name merchandise. In addition, the company offers fuel and financial services and related products, including money orders, prepaid cards, money transfers, check cashing, and bill payment. It operates approximately 11,500 stores and various e-commerce Websites under the 56 banners in 27 countries. The company was formerly known as Wal-Mart Stores, Inc. and changed its name to Walmart Inc. in February 2018. Walmart Inc. was founded in 1945 and is based in Bentonville, Arkansas.",Bentonville,479-273-4000,AR,United States,[],http://www.stock.walmart.com,1,702 SW 8th Street,Discount Stores,142.95,144.11,130.1445,0.01497027,0.3413,,145.53,,5796128,,142.95,140.53143,2.14,144.11,,5796128,,,,2.16,1607558400,0.282404,,,143.62,2,USD,22.95788,4759541,,,,407776624640,,,9813478,0.7523193,143.62,143.8,,1100,4759541,151.33,25.696428,,2.34,102,143.45,False,0.015,800,145.53,NYQ,Walmart Inc.,Walmart Inc.,America/New_York,EDT,False,-14400000,EQUITY,WMT,finmb_313055,us_market,,0.862,,0.033010002,12.754,0.20569754,,5.6,,2833750016,,,26.574,15357780,0.0054,,1580428800,0.30947,17895000064,6.268,0.54,0.14598012,5.415067,0.50913,1643587200,1596153600,1.19,1598832000,1419341834,467000033280,,924566400,2:1,,1607558400,,0.794,1601424000,4.21,,0.011,17077685,,,144.11,https://logo.clearbit.com/stock.walmart.com,,
